specification,specification_key,country,iso_code,year_t,year_t1,state_t,state_t1,directional_pair
Primary sign-based,primary,Argentina,ARG,2000,2001,Additive expansion,Fossil displacement,True
Primary sign-based,primary,Argentina,ARG,2001,2002,Fossil displacement,Joint contraction,True
Primary sign-based,primary,Argentina,ARG,2002,2003,Joint contraction,Fossil resurgence,True
Primary sign-based,primary,Argentina,ARG,2003,2004,Fossil resurgence,Fossil resurgence,True
Primary sign-based,primary,Argentina,ARG,2004,2005,Fossil resurgence,Additive expansion,True
Primary sign-based,primary,Argentina,ARG,2005,2006,Additive expansion,Additive expansion,True
Primary sign-based,primary,Argentina,ARG,2006,2007,Additive expansion,Fossil resurgence,True
Primary sign-based,primary,Argentina,ARG,2007,2008,Fossil resurgence,Additive expansion,True
Primary sign-based,primary,Argentina,ARG,2008,2009,Additive expansion,Fossil displacement,True
Primary sign-based,primary,Argentina,ARG,2009,2010,Fossil displacement,Fossil resurgence,True
Primary sign-based,primary,Argentina,ARG,2010,2011,Fossil resurgence,Fossil resurgence,True
Primary sign-based,primary,Argentina,ARG,2011,2012,Fossil resurgence,Fossil resurgence,True
Primary sign-based,primary,Argentina,ARG,2012,2013,Fossil resurgence,Fossil displacement,True
Primary sign-based,primary,Argentina,ARG,2013,2014,Fossil displacement,Fossil resurgence,True
Primary sign-based,primary,Argentina,ARG,2014,2015,Fossil resurgence,Fossil resurgence,True
Primary sign-based,primary,Argentina,ARG,2015,2016,Fossil resurgence,Fossil resurgence,True
Primary sign-based,primary,Argentina,ARG,2016,2017,Fossil resurgence,Fossil displacement,True
Primary sign-based,primary,Argentina,ARG,2017,2018,Fossil displacement,Fossil displacement,True
Primary sign-based,primary,Argentina,ARG,2018,2019,Fossil displacement,Joint contraction,True
Primary sign-based,primary,Argentina,ARG,2019,2020,Joint contraction,Additive expansion,True
Primary sign-based,primary,Argentina,ARG,2020,2021,Additive expansion,Additive expansion,True
Primary sign-based,primary,Argentina,ARG,2021,2022,Additive expansion,Fossil displacement,True
Primary sign-based,primary,Argentina,ARG,2022,2023,Fossil displacement,Fossil displacement,True
Primary sign-based,primary,Argentina,ARG,2023,2024,Fossil displacement,Additive expansion,True
Primary sign-based,primary,Australia,AUS,2000,2001,Additive expansion,Fossil resurgence,True
Primary sign-based,primary,Australia,AUS,2001,2002,Fossil resurgence,Fossil displacement,True
Primary sign-based,primary,Australia,AUS,2002,2003,Fossil displacement,Additive expansion,True
Primary sign-based,primary,Australia,AUS,2003,2004,Additive expansion,Additive expansion,True
Primary sign-based,primary,Australia,AUS,2004,2005,Additive expansion,Additive expansion,True
Primary sign-based,primary,Australia,AUS,2005,2006,Additive expansion,Additive expansion,True
Primary sign-based,primary,Australia,AUS,2006,2007,Additive expansion,Fossil resurgence,True
Primary sign-based,primary,Australia,AUS,2007,2008,Fossil resurgence,Fossil resurgence,True
Primary sign-based,primary,Australia,AUS,2008,2009,Fossil resurgence,Additive expansion,True
Primary sign-based,primary,Australia,AUS,2009,2010,Additive expansion,Fossil displacement,True
Primary sign-based,primary,Australia,AUS,2010,2011,Fossil displacement,Fossil displacement,True
Primary sign-based,primary,Australia,AUS,2011,2012,Fossil displacement,Joint contraction,True
Primary sign-based,primary,Australia,AUS,2012,2013,Joint contraction,Fossil displacement,True
Primary sign-based,primary,Australia,AUS,2013,2014,Fossil displacement,Fossil resurgence,True
Primary sign-based,primary,Australia,AUS,2014,2015,Fossil resurgence,Additive expansion,True
Primary sign-based,primary,Australia,AUS,2015,2016,Additive expansion,Fossil displacement,True
Primary sign-based,primary,Australia,AUS,2016,2017,Fossil displacement,Fossil resurgence,True
Primary sign-based,primary,Australia,AUS,2017,2018,Fossil resurgence,Fossil displacement,True
Primary sign-based,primary,Australia,AUS,2018,2019,Fossil displacement,Fossil displacement,True
Primary sign-based,primary,Australia,AUS,2019,2020,Fossil displacement,Fossil displacement,True
Primary sign-based,primary,Australia,AUS,2020,2021,Fossil displacement,Fossil displacement,True
Primary sign-based,primary,Australia,AUS,2021,2022,Fossil displacement,Fossil displacement,True
Primary sign-based,primary,Australia,AUS,2022,2023,Fossil displacement,Fossil displacement,True
Primary sign-based,primary,Australia,AUS,2023,2024,Fossil displacement,Additive expansion,True
Primary sign-based,primary,Brazil,BRA,2000,2001,Additive expansion,Fossil resurgence,True
Primary sign-based,primary,Brazil,BRA,2001,2002,Fossil resurgence,Fossil displacement,True
Primary sign-based,primary,Brazil,BRA,2002,2003,Fossil displacement,Fossil displacement,True
Primary sign-based,primary,Brazil,BRA,2003,2004,Fossil displacement,Additive expansion,True
Primary sign-based,primary,Brazil,BRA,2004,2005,Additive expansion,Fossil displacement,True
Primary sign-based,primary,Brazil,BRA,2005,2006,Fossil displacement,Fossil displacement,True
Primary sign-based,primary,Brazil,BRA,2006,2007,Fossil displacement,Fossil displacement,True
Primary sign-based,primary,Brazil,BRA,2007,2008,Fossil displacement,Fossil resurgence,True
Primary sign-based,primary,Brazil,BRA,2008,2009,Fossil resurgence,Fossil displacement,True
Primary sign-based,primary,Brazil,BRA,2009,2010,Fossil displacement,Additive expansion,True
Primary sign-based,primary,Brazil,BRA,2010,2011,Additive expansion,Fossil displacement,True
Primary sign-based,primary,Brazil,BRA,2011,2012,Fossil displacement,Fossil resurgence,True
Primary sign-based,primary,Brazil,BRA,2012,2013,Fossil resurgence,Fossil resurgence,True
Primary sign-based,primary,Brazil,BRA,2013,2014,Fossil resurgence,Fossil resurgence,True
Primary sign-based,primary,Brazil,BRA,2014,2015,Fossil resurgence,Joint contraction,True
Primary sign-based,primary,Brazil,BRA,2015,2016,Joint contraction,Fossil displacement,True
Primary sign-based,primary,Brazil,BRA,2016,2017,Fossil displacement,Additive expansion,True
Primary sign-based,primary,Brazil,BRA,2017,2018,Additive expansion,Fossil displacement,True
Primary sign-based,primary,Brazil,BRA,2018,2019,Fossil displacement,Additive expansion,True
Primary sign-based,primary,Brazil,BRA,2019,2020,Additive expansion,Fossil displacement,True
Primary sign-based,primary,Brazil,BRA,2020,2021,Fossil displacement,Fossil resurgence,True
Primary sign-based,primary,Brazil,BRA,2021,2022,Fossil resurgence,Fossil displacement,True
Primary sign-based,primary,Brazil,BRA,2022,2023,Fossil displacement,Fossil displacement,True
Primary sign-based,primary,Brazil,BRA,2023,2024,Fossil displacement,Additive expansion,True
Primary sign-based,primary,Canada,CAN,2000,2001,Additive expansion,Fossil resurgence,True
Primary sign-based,primary,Canada,CAN,2001,2002,Fossil resurgence,Fossil displacement,True
Primary sign-based,primary,Canada,CAN,2002,2003,Fossil displacement,Fossil resurgence,True
Primary sign-based,primary,Canada,CAN,2003,2004,Fossil resurgence,Fossil displacement,True
Primary sign-based,primary,Canada,CAN,2004,2005,Fossil displacement,Fossil displacement,True
Primary sign-based,primary,Canada,CAN,2005,2006,Fossil displacement,Joint contraction,True
Primary sign-based,primary,Canada,CAN,2006,2007,Joint contraction,Additive expansion,True
Primary sign-based,primary,Canada,CAN,2007,2008,Additive expansion,Fossil displacement,True
Primary sign-based,primary,Canada,CAN,2008,2009,Fossil displacement,Joint contraction,True
Primary sign-based,primary,Canada,CAN,2009,2010,Joint contraction,Fossil resurgence,True
Primary sign-based,primary,Canada,CAN,2010,2011,Fossil resurgence,Additive expansion,True
Primary sign-based,primary,Canada,CAN,2011,2012,Additive expansion,Fossil displacement,True
Primary sign-based,primary,Canada,CAN,2012,2013,Fossil displacement,Fossil displacement,True
Primary sign-based,primary,Canada,CAN,2013,2014,Fossil displacement,Fossil resurgence,True
Primary sign-based,primary,Canada,CAN,2014,2015,Fossil resurgence,Fossil displacement,True
Primary sign-based,primary,Canada,CAN,2015,2016,Fossil displacement,Fossil displacement,True
Primary sign-based,primary,Canada,CAN,2016,2017,Fossil displacement,Fossil displacement,True
Primary sign-based,primary,Canada,CAN,2017,2018,Fossil displacement,Joint contraction,True
Primary sign-based,primary,Canada,CAN,2018,2019,Joint contraction,Joint contraction,True
Primary sign-based,primary,Canada,CAN,2019,2020,Joint contraction,Fossil displacement,True
Primary sign-based,primary,Canada,CAN,2020,2021,Fossil displacement,Fossil resurgence,True
Primary sign-based,primary,Canada,CAN,2021,2022,Fossil resurgence,Fossil displacement,True
Primary sign-based,primary,Canada,CAN,2022,2023,Fossil displacement,Fossil resurgence,True
Primary sign-based,primary,Canada,CAN,2023,2024,Fossil resurgence,Fossil resurgence,True
Primary sign-based,primary,China,CHN,2000,2001,Additive expansion,Additive expansion,True
Primary sign-based,primary,China,CHN,2001,2002,Additive expansion,Additive expansion,True
Primary sign-based,primary,China,CHN,2002,2003,Additive expansion,Fossil resurgence,True
Primary sign-based,primary,China,CHN,2003,2004,Fossil resurgence,Additive expansion,True
Primary sign-based,primary,China,CHN,2004,2005,Additive expansion,Additive expansion,True
Primary sign-based,primary,China,CHN,2005,2006,Additive expansion,Additive expansion,True
Primary sign-based,primary,China,CHN,2006,2007,Additive expansion,Additive expansion,True
Primary sign-based,primary,China,CHN,2007,2008,Additive expansion,Additive expansion,True
Primary sign-based,primary,China,CHN,2008,2009,Additive expansion,Fossil resurgence,True
Primary sign-based,primary,China,CHN,2009,2010,Fossil resurgence,Additive expansion,True
Primary sign-based,primary,China,CHN,2010,2011,Additive expansion,Additive expansion,True
Primary sign-based,primary,China,CHN,2011,2012,Additive expansion,Additive expansion,True
Primary sign-based,primary,China,CHN,2012,2013,Additive expansion,Additive expansion,True
Primary sign-based,primary,China,CHN,2013,2014,Additive expansion,Additive expansion,True
Primary sign-based,primary,China,CHN,2014,2015,Additive expansion,Fossil displacement,True
Primary sign-based,primary,China,CHN,2015,2016,Fossil displacement,Additive expansion,True
Primary sign-based,primary,China,CHN,2016,2017,Additive expansion,Additive expansion,True
Primary sign-based,primary,China,CHN,2017,2018,Additive expansion,Additive expansion,True
Primary sign-based,primary,China,CHN,2018,2019,Additive expansion,Additive expansion,True
Primary sign-based,primary,China,CHN,2019,2020,Additive expansion,Additive expansion,True
Primary sign-based,primary,China,CHN,2020,2021,Additive expansion,Additive expansion,True
Primary sign-based,primary,China,CHN,2021,2022,Additive expansion,Additive expansion,True
Primary sign-based,primary,China,CHN,2022,2023,Additive expansion,Additive expansion,True
Primary sign-based,primary,China,CHN,2023,2024,Additive expansion,Additive expansion,True
Primary sign-based,primary,Germany,DEU,2000,2001,Additive expansion,Additive expansion,True
Primary sign-based,primary,Germany,DEU,2001,2002,Additive expansion,Additive expansion,True
Primary sign-based,primary,Germany,DEU,2002,2003,Additive expansion,Additive expansion,True
Primary sign-based,primary,Germany,DEU,2003,2004,Additive expansion,Fossil displacement,True
Primary sign-based,primary,Germany,DEU,2004,2005,Fossil displacement,Additive expansion,True
Primary sign-based,primary,Germany,DEU,2005,2006,Additive expansion,Additive expansion,True
Primary sign-based,primary,Germany,DEU,2006,2007,Additive expansion,Additive expansion,True
Primary sign-based,primary,Germany,DEU,2007,2008,Additive expansion,Fossil displacement,True
Primary sign-based,primary,Germany,DEU,2008,2009,Fossil displacement,Fossil displacement,True
Primary sign-based,primary,Germany,DEU,2009,2010,Fossil displacement,Additive expansion,True
Primary sign-based,primary,Germany,DEU,2010,2011,Additive expansion,Fossil displacement,True
Primary sign-based,primary,Germany,DEU,2011,2012,Fossil displacement,Additive expansion,True
Primary sign-based,primary,Germany,DEU,2012,2013,Additive expansion,Additive expansion,True
Primary sign-based,primary,Germany,DEU,2013,2014,Additive expansion,Fossil displacement,True
Primary sign-based,primary,Germany,DEU,2014,2015,Fossil displacement,Fossil displacement,True
Primary sign-based,primary,Germany,DEU,2015,2016,Fossil displacement,Additive expansion,True
Primary sign-based,primary,Germany,DEU,2016,2017,Additive expansion,Fossil displacement,True
Primary sign-based,primary,Germany,DEU,2017,2018,Fossil displacement,Fossil displacement,True
Primary sign-based,primary,Germany,DEU,2018,2019,Fossil displacement,Fossil displacement,True
Primary sign-based,primary,Germany,DEU,2019,2020,Fossil displacement,Fossil displacement,True
Primary sign-based,primary,Germany,DEU,2020,2021,Fossil displacement,Fossil resurgence,True
Primary sign-based,primary,Germany,DEU,2021,2022,Fossil resurgence,Additive expansion,True
Primary sign-based,primary,Germany,DEU,2022,2023,Additive expansion,Fossil displacement,True
Primary sign-based,primary,Germany,DEU,2023,2024,Fossil displacement,Fossil displacement,True
Primary sign-based,primary,France,FRA,2000,2001,Joint contraction,Fossil displacement,True
Primary sign-based,primary,France,FRA,2001,2002,Fossil displacement,Fossil resurgence,True
Primary sign-based,primary,France,FRA,2002,2003,Fossil resurgence,Fossil resurgence,True
Primary sign-based,primary,France,FRA,2003,2004,Fossil resurgence,Fossil displacement,True
Primary sign-based,primary,France,FRA,2004,2005,Fossil displacement,Fossil resurgence,True
Primary sign-based,primary,France,FRA,2005,2006,Fossil resurgence,Fossil displacement,True
Primary sign-based,primary,France,FRA,2006,2007,Fossil displacement,Additive expansion,True
Primary sign-based,primary,France,FRA,2007,2008,Additive expansion,Fossil displacement,True
Primary sign-based,primary,France,FRA,2008,2009,Fossil displacement,Joint contraction,True
Primary sign-based,primary,France,FRA,2009,2010,Joint contraction,Additive expansion,True
Primary sign-based,primary,France,FRA,2010,2011,Additive expansion,Fossil resurgence,True
Primary sign-based,primary,France,FRA,2011,2012,Fossil resurgence,Fossil displacement,True
Primary sign-based,primary,France,FRA,2012,2013,Fossil displacement,Fossil displacement,True
Primary sign-based,primary,France,FRA,2013,2014,Fossil displacement,Joint contraction,True
Primary sign-based,primary,France,FRA,2014,2015,Joint contraction,Fossil resurgence,True
Primary sign-based,primary,France,FRA,2015,2016,Fossil resurgence,Additive expansion,True
Primary sign-based,primary,France,FRA,2016,2017,Additive expansion,Fossil resurgence,True
Primary sign-based,primary,France,FRA,2017,2018,Fossil resurgence,Fossil displacement,True
Primary sign-based,primary,France,FRA,2018,2019,Fossil displacement,Fossil resurgence,True
Primary sign-based,primary,France,FRA,2019,2020,Fossil resurgence,Fossil displacement,True
Primary sign-based,primary,France,FRA,2020,2021,Fossil displacement,Fossil resurgence,True
Primary sign-based,primary,France,FRA,2021,2022,Fossil resurgence,Fossil resurgence,True
Primary sign-based,primary,France,FRA,2022,2023,Fossil resurgence,Fossil displacement,True
Primary sign-based,primary,France,FRA,2023,2024,Fossil displacement,Fossil displacement,True
Primary sign-based,primary,United Kingdom,GBR,2000,2001,Additive expansion,Fossil resurgence,True
Primary sign-based,primary,United Kingdom,GBR,2001,2002,Fossil resurgence,Additive expansion,True
Primary sign-based,primary,United Kingdom,GBR,2002,2003,Additive expansion,Fossil resurgence,True
Primary sign-based,primary,United Kingdom,GBR,2003,2004,Fossil resurgence,Additive expansion,True
Primary sign-based,primary,United Kingdom,GBR,2004,2005,Additive expansion,Additive expansion,True
Primary sign-based,primary,United Kingdom,GBR,2005,2006,Additive expansion,Additive expansion,True
Primary sign-based,primary,United Kingdom,GBR,2006,2007,Additive expansion,Additive expansion,True
Primary sign-based,primary,United Kingdom,GBR,2007,2008,Additive expansion,Additive expansion,True
Primary sign-based,primary,United Kingdom,GBR,2008,2009,Additive expansion,Fossil displacement,True
Primary sign-based,primary,United Kingdom,GBR,2009,2010,Fossil displacement,Additive expansion,True
Primary sign-based,primary,United Kingdom,GBR,2010,2011,Additive expansion,Fossil displacement,True
Primary sign-based,primary,United Kingdom,GBR,2011,2012,Fossil displacement,Fossil displacement,True
Primary sign-based,primary,United Kingdom,GBR,2012,2013,Fossil displacement,Fossil displacement,True
Primary sign-based,primary,United Kingdom,GBR,2013,2014,Fossil displacement,Fossil displacement,True
Primary sign-based,primary,United Kingdom,GBR,2014,2015,Fossil displacement,Fossil displacement,True
Primary sign-based,primary,United Kingdom,GBR,2015,2016,Fossil displacement,Joint contraction,True
Primary sign-based,primary,United Kingdom,GBR,2016,2017,Joint contraction,Fossil displacement,True
Primary sign-based,primary,United Kingdom,GBR,2017,2018,Fossil displacement,Fossil displacement,True
Primary sign-based,primary,United Kingdom,GBR,2018,2019,Fossil displacement,Fossil displacement,True
Primary sign-based,primary,United Kingdom,GBR,2019,2020,Fossil displacement,Fossil displacement,True
Primary sign-based,primary,United Kingdom,GBR,2020,2021,Fossil displacement,Fossil resurgence,True
Primary sign-based,primary,United Kingdom,GBR,2021,2022,Fossil resurgence,Additive expansion,True
Primary sign-based,primary,United Kingdom,GBR,2022,2023,Additive expansion,Fossil displacement,True
Primary sign-based,primary,United Kingdom,GBR,2023,2024,Fossil displacement,Fossil displacement,True
Primary sign-based,primary,Indonesia,IDN,2000,2001,Additive expansion,Additive expansion,True
Primary sign-based,primary,Indonesia,IDN,2001,2002,Additive expansion,Fossil resurgence,True
Primary sign-based,primary,Indonesia,IDN,2002,2003,Fossil resurgence,Fossil resurgence,True
Primary sign-based,primary,Indonesia,IDN,2003,2004,Fossil resurgence,Additive expansion,True
Primary sign-based,primary,Indonesia,IDN,2004,2005,Additive expansion,Additive expansion,True
Primary sign-based,primary,Indonesia,IDN,2005,2006,Additive expansion,Fossil resurgence,True
Primary sign-based,primary,Indonesia,IDN,2006,2007,Fossil resurgence,Additive expansion,True
Primary sign-based,primary,Indonesia,IDN,2007,2008,Additive expansion,Additive expansion,True
Primary sign-based,primary,Indonesia,IDN,2008,2009,Additive expansion,Additive expansion,True
Primary sign-based,primary,Indonesia,IDN,2009,2010,Additive expansion,Additive expansion,True
Primary sign-based,primary,Indonesia,IDN,2010,2011,Additive expansion,Fossil resurgence,True
Primary sign-based,primary,Indonesia,IDN,2011,2012,Fossil resurgence,Additive expansion,True
Primary sign-based,primary,Indonesia,IDN,2012,2013,Additive expansion,Additive expansion,True
Primary sign-based,primary,Indonesia,IDN,2013,2014,Additive expansion,Fossil resurgence,True
Primary sign-based,primary,Indonesia,IDN,2014,2015,Fossil resurgence,Fossil resurgence,True
Primary sign-based,primary,Indonesia,IDN,2015,2016,Fossil resurgence,Additive expansion,True
Primary sign-based,primary,Indonesia,IDN,2016,2017,Additive expansion,Additive expansion,True
Primary sign-based,primary,Indonesia,IDN,2017,2018,Additive expansion,Additive expansion,True
Primary sign-based,primary,Indonesia,IDN,2018,2019,Additive expansion,Fossil resurgence,True
Primary sign-based,primary,Indonesia,IDN,2019,2020,Fossil resurgence,Fossil displacement,True
Primary sign-based,primary,Indonesia,IDN,2020,2021,Fossil displacement,Additive expansion,True
Primary sign-based,primary,Indonesia,IDN,2021,2022,Additive expansion,Additive expansion,True
Primary sign-based,primary,Indonesia,IDN,2022,2023,Additive expansion,Fossil resurgence,True
Primary sign-based,primary,Indonesia,IDN,2023,2024,Fossil resurgence,Additive expansion,True
Primary sign-based,primary,India,IND,2000,2001,Fossil resurgence,Fossil resurgence,True
Primary sign-based,primary,India,IND,2001,2002,Fossil resurgence,Fossil resurgence,True
Primary sign-based,primary,India,IND,2002,2003,Fossil resurgence,Additive expansion,True
Primary sign-based,primary,India,IND,2003,2004,Additive expansion,Additive expansion,True
Primary sign-based,primary,India,IND,2004,2005,Additive expansion,Fossil resurgence,True
Primary sign-based,primary,India,IND,2005,2006,Fossil resurgence,Additive expansion,True
Primary sign-based,primary,India,IND,2006,2007,Additive expansion,Additive expansion,True
Primary sign-based,primary,India,IND,2007,2008,Additive expansion,Fossil resurgence,True
Primary sign-based,primary,India,IND,2008,2009,Fossil resurgence,Fossil resurgence,True
Primary sign-based,primary,India,IND,2009,2010,Fossil resurgence,Additive expansion,True
Primary sign-based,primary,India,IND,2010,2011,Additive expansion,Additive expansion,True
Primary sign-based,primary,India,IND,2011,2012,Additive expansion,Fossil resurgence,True
Primary sign-based,primary,India,IND,2012,2013,Fossil resurgence,Additive expansion,True
Primary sign-based,primary,India,IND,2013,2014,Additive expansion,Additive expansion,True
Primary sign-based,primary,India,IND,2014,2015,Additive expansion,Fossil resurgence,True
Primary sign-based,primary,India,IND,2015,2016,Fossil resurgence,Additive expansion,True
Primary sign-based,primary,India,IND,2016,2017,Additive expansion,Additive expansion,True
Primary sign-based,primary,India,IND,2017,2018,Additive expansion,Additive expansion,True
Primary sign-based,primary,India,IND,2018,2019,Additive expansion,Fossil displacement,True
Primary sign-based,primary,India,IND,2019,2020,Fossil displacement,Fossil displacement,True
Primary sign-based,primary,India,IND,2020,2021,Fossil displacement,Additive expansion,True
Primary sign-based,primary,India,IND,2021,2022,Additive expansion,Additive expansion,True
Primary sign-based,primary,India,IND,2022,2023,Additive expansion,Additive expansion,True
Primary sign-based,primary,India,IND,2023,2024,Additive expansion,Additive expansion,True
Primary sign-based,primary,Italy,ITA,2000,2001,Fossil resurgence,Fossil displacement,True
Primary sign-based,primary,Italy,ITA,2001,2002,Fossil displacement,Fossil resurgence,True
Primary sign-based,primary,Italy,ITA,2002,2003,Fossil resurgence,Fossil resurgence,True
Primary sign-based,primary,Italy,ITA,2003,2004,Fossil resurgence,Additive expansion,True
Primary sign-based,primary,Italy,ITA,2004,2005,Additive expansion,Fossil resurgence,True
Primary sign-based,primary,Italy,ITA,2005,2006,Fossil resurgence,Additive expansion,True
Primary sign-based,primary,Italy,ITA,2006,2007,Additive expansion,Fossil resurgence,True
Primary sign-based,primary,Italy,ITA,2007,2008,Fossil resurgence,Fossil displacement,True
Primary sign-based,primary,Italy,ITA,2008,2009,Fossil displacement,Fossil displacement,True
Primary sign-based,primary,Italy,ITA,2009,2010,Fossil displacement,Additive expansion,True
Primary sign-based,primary,Italy,ITA,2010,2011,Additive expansion,Fossil displacement,True
Primary sign-based,primary,Italy,ITA,2011,2012,Fossil displacement,Fossil displacement,True
Primary sign-based,primary,Italy,ITA,2012,2013,Fossil displacement,Fossil displacement,True
Primary sign-based,primary,Italy,ITA,2013,2014,Fossil displacement,Fossil displacement,True
Primary sign-based,primary,Italy,ITA,2014,2015,Fossil displacement,Fossil resurgence,True
Primary sign-based,primary,Italy,ITA,2015,2016,Fossil resurgence,Fossil resurgence,True
Primary sign-based,primary,Italy,ITA,2016,2017,Fossil resurgence,Fossil resurgence,True
Primary sign-based,primary,Italy,ITA,2017,2018,Fossil resurgence,Fossil displacement,True
Primary sign-based,primary,Italy,ITA,2018,2019,Fossil displacement,Additive expansion,True
Primary sign-based,primary,Italy,ITA,2019,2020,Additive expansion,Fossil displacement,True
Primary sign-based,primary,Italy,ITA,2020,2021,Fossil displacement,Fossil resurgence,True
Primary sign-based,primary,Italy,ITA,2021,2022,Fossil resurgence,Fossil resurgence,True
Primary sign-based,primary,Italy,ITA,2022,2023,Fossil resurgence,Fossil displacement,True
Primary sign-based,primary,Italy,ITA,2023,2024,Fossil displacement,Fossil displacement,True
Primary sign-based,primary,Japan,JPN,2000,2001,Additive expansion,Joint contraction,True
Primary sign-based,primary,Japan,JPN,2001,2002,Joint contraction,Additive expansion,True
Primary sign-based,primary,Japan,JPN,2002,2003,Additive expansion,Additive expansion,True
Primary sign-based,primary,Japan,JPN,2003,2004,Additive expansion,Fossil displacement,True
Primary sign-based,primary,Japan,JPN,2004,2005,Fossil displacement,Fossil resurgence,True
Primary sign-based,primary,Japan,JPN,2005,2006,Fossil resurgence,Fossil displacement,True
Primary sign-based,primary,Japan,JPN,2006,2007,Fossil displacement,Fossil resurgence,True
Primary sign-based,primary,Japan,JPN,2007,2008,Fossil resurgence,Additive expansion,True
Primary sign-based,primary,Japan,JPN,2008,2009,Additive expansion,Joint contraction,True
Primary sign-based,primary,Japan,JPN,2009,2010,Joint contraction,Additive expansion,True
Primary sign-based,primary,Japan,JPN,2010,2011,Additive expansion,Fossil resurgence,True
Primary sign-based,primary,Japan,JPN,2011,2012,Fossil resurgence,Fossil resurgence,True
Primary sign-based,primary,Japan,JPN,2012,2013,Fossil resurgence,Fossil displacement,True
Primary sign-based,primary,Japan,JPN,2013,2014,Fossil displacement,Fossil displacement,True
Primary sign-based,primary,Japan,JPN,2014,2015,Fossil displacement,Fossil displacement,True
Primary sign-based,primary,Japan,JPN,2015,2016,Fossil displacement,Fossil resurgence,True
Primary sign-based,primary,Japan,JPN,2016,2017,Fossil resurgence,Fossil displacement,True
Primary sign-based,primary,Japan,JPN,2017,2018,Fossil displacement,Fossil displacement,True
Primary sign-based,primary,Japan,JPN,2018,2019,Fossil displacement,Fossil displacement,True
Primary sign-based,primary,Japan,JPN,2019,2020,Fossil displacement,Fossil displacement,True
Primary sign-based,primary,Japan,JPN,2020,2021,Fossil displacement,Fossil displacement,True
Primary sign-based,primary,Japan,JPN,2021,2022,Fossil displacement,Additive expansion,True
Primary sign-based,primary,Japan,JPN,2022,2023,Additive expansion,Fossil displacement,True
Primary sign-based,primary,Japan,JPN,2023,2024,Fossil displacement,Fossil displacement,True
Primary sign-based,primary,South Korea,KOR,2000,2001,Fossil resurgence,Fossil resurgence,True
Primary sign-based,primary,South Korea,KOR,2001,2002,Fossil resurgence,Additive expansion,True
Primary sign-based,primary,South Korea,KOR,2002,2003,Additive expansion,Additive expansion,True
Primary sign-based,primary,South Korea,KOR,2003,2004,Additive expansion,Fossil resurgence,True
Primary sign-based,primary,South Korea,KOR,2004,2005,Fossil resurgence,Fossil resurgence,True
Primary sign-based,primary,South Korea,KOR,2005,2006,Fossil resurgence,Fossil resurgence,True
Primary sign-based,primary,South Korea,KOR,2006,2007,Fossil resurgence,Additive expansion,True
Primary sign-based,primary,South Korea,KOR,2007,2008,Additive expansion,Fossil resurgence,True
Primary sign-based,primary,South Korea,KOR,2008,2009,Fossil resurgence,Additive expansion,True
Primary sign-based,primary,South Korea,KOR,2009,2010,Additive expansion,Additive expansion,True
Primary sign-based,primary,South Korea,KOR,2010,2011,Additive expansion,Additive expansion,True
Primary sign-based,primary,South Korea,KOR,2011,2012,Additive expansion,Additive expansion,True
Primary sign-based,primary,South Korea,KOR,2012,2013,Additive expansion,Additive expansion,True
Primary sign-based,primary,South Korea,KOR,2013,2014,Additive expansion,Fossil displacement,True
Primary sign-based,primary,South Korea,KOR,2014,2015,Fossil displacement,Fossil displacement,True
Primary sign-based,primary,South Korea,KOR,2015,2016,Fossil displacement,Additive expansion,True
Primary sign-based,primary,South Korea,KOR,2016,2017,Additive expansion,Additive expansion,True
Primary sign-based,primary,South Korea,KOR,2017,2018,Additive expansion,Additive expansion,True
Primary sign-based,primary,South Korea,KOR,2018,2019,Additive expansion,Fossil displacement,True
Primary sign-based,primary,South Korea,KOR,2019,2020,Fossil displacement,Fossil displacement,True
Primary sign-based,primary,South Korea,KOR,2020,2021,Fossil displacement,Additive expansion,True
Primary sign-based,primary,South Korea,KOR,2021,2022,Additive expansion,Fossil displacement,True
Primary sign-based,primary,South Korea,KOR,2022,2023,Fossil displacement,Fossil displacement,True
Primary sign-based,primary,South Korea,KOR,2023,2024,Fossil displacement,Fossil displacement,True
Primary sign-based,primary,Mexico,MEX,2000,2001,Additive expansion,Fossil resurgence,True
Primary sign-based,primary,Mexico,MEX,2001,2002,Fossil resurgence,Fossil resurgence,True
Primary sign-based,primary,Mexico,MEX,2002,2003,Fossil resurgence,Fossil resurgence,True
Primary sign-based,primary,Mexico,MEX,2003,2004,Fossil resurgence,Additive expansion,True
Primary sign-based,primary,Mexico,MEX,2004,2005,Additive expansion,Additive expansion,True
Primary sign-based,primary,Mexico,MEX,2005,2006,Additive expansion,Additive expansion,True
Primary sign-based,primary,Mexico,MEX,2006,2007,Additive expansion,Fossil resurgence,True
Primary sign-based,primary,Mexico,MEX,2007,2008,Fossil resurgence,Fossil displacement,True
Primary sign-based,primary,Mexico,MEX,2008,2009,Fossil displacement,Fossil resurgence,True
Primary sign-based,primary,Mexico,MEX,2009,2010,Fossil resurgence,Additive expansion,True
Primary sign-based,primary,Mexico,MEX,2010,2011,Additive expansion,Fossil resurgence,True
Primary sign-based,primary,Mexico,MEX,2011,2012,Fossil resurgence,Fossil resurgence,True
Primary sign-based,primary,Mexico,MEX,2012,2013,Fossil resurgence,Fossil resurgence,True
Primary sign-based,primary,Mexico,MEX,2013,2014,Fossil resurgence,Fossil displacement,True
Primary sign-based,primary,Mexico,MEX,2014,2015,Fossil displacement,Fossil resurgence,True
Primary sign-based,primary,Mexico,MEX,2015,2016,Fossil resurgence,Additive expansion,True
Primary sign-based,primary,Mexico,MEX,2016,2017,Additive expansion,Additive expansion,True
Primary sign-based,primary,Mexico,MEX,2017,2018,Additive expansion,Additive expansion,True
Primary sign-based,primary,Mexico,MEX,2018,2019,Additive expansion,Fossil displacement,True
Primary sign-based,primary,Mexico,MEX,2019,2020,Fossil displacement,Fossil displacement,True
Primary sign-based,primary,Mexico,MEX,2020,2021,Fossil displacement,Fossil displacement,True
Primary sign-based,primary,Mexico,MEX,2021,2022,Fossil displacement,Additive expansion,True
Primary sign-based,primary,Mexico,MEX,2022,2023,Additive expansion,Fossil resurgence,True
Primary sign-based,primary,Mexico,MEX,2023,2024,Fossil resurgence,Fossil displacement,True
Primary sign-based,primary,Russia,RUS,2000,2001,Additive expansion,Fossil displacement,True
Primary sign-based,primary,Russia,RUS,2001,2002,Fossil displacement,Fossil resurgence,True
Primary sign-based,primary,Russia,RUS,2002,2003,Fossil resurgence,Fossil resurgence,True
Primary sign-based,primary,Russia,RUS,2003,2004,Fossil resurgence,Additive expansion,True
Primary sign-based,primary,Russia,RUS,2004,2005,Additive expansion,Fossil resurgence,True
Primary sign-based,primary,Russia,RUS,2005,2006,Fossil resurgence,Additive expansion,True
Primary sign-based,primary,Russia,RUS,2006,2007,Additive expansion,Additive expansion,True
Primary sign-based,primary,Russia,RUS,2007,2008,Additive expansion,Fossil resurgence,True
Primary sign-based,primary,Russia,RUS,2008,2009,Fossil resurgence,Fossil displacement,True
Primary sign-based,primary,Russia,RUS,2009,2010,Fossil displacement,Fossil resurgence,True
Primary sign-based,primary,Russia,RUS,2010,2011,Fossil resurgence,Fossil resurgence,True
Primary sign-based,primary,Russia,RUS,2011,2012,Fossil resurgence,Additive expansion,True
Primary sign-based,primary,Russia,RUS,2012,2013,Additive expansion,Fossil displacement,True
Primary sign-based,primary,Russia,RUS,2013,2014,Fossil displacement,Fossil resurgence,True
Primary sign-based,primary,Russia,RUS,2014,2015,Fossil resurgence,Joint contraction,True
Primary sign-based,primary,Russia,RUS,2015,2016,Joint contraction,Additive expansion,True
Primary sign-based,primary,Russia,RUS,2016,2017,Additive expansion,Fossil displacement,True
Primary sign-based,primary,Russia,RUS,2017,2018,Fossil displacement,Additive expansion,True
Primary sign-based,primary,Russia,RUS,2018,2019,Additive expansion,Additive expansion,True
Primary sign-based,primary,Russia,RUS,2019,2020,Additive expansion,Fossil displacement,True
Primary sign-based,primary,Russia,RUS,2020,2021,Fossil displacement,Additive expansion,True
Primary sign-based,primary,Russia,RUS,2021,2022,Additive expansion,Fossil resurgence,True
Primary sign-based,primary,Russia,RUS,2022,2023,Fossil resurgence,Additive expansion,True
Primary sign-based,primary,Russia,RUS,2023,2024,Additive expansion,Additive expansion,True
Primary sign-based,primary,Saudi Arabia,SAU,2000,2001,Boundary,Boundary,False
Primary sign-based,primary,Saudi Arabia,SAU,2001,2002,Boundary,Boundary,False
Primary sign-based,primary,Saudi Arabia,SAU,2002,2003,Boundary,Boundary,False
Primary sign-based,primary,Saudi Arabia,SAU,2003,2004,Boundary,Boundary,False
Primary sign-based,primary,Saudi Arabia,SAU,2004,2005,Boundary,Boundary,False
Primary sign-based,primary,Saudi Arabia,SAU,2005,2006,Boundary,Boundary,False
Primary sign-based,primary,Saudi Arabia,SAU,2006,2007,Boundary,Boundary,False
Primary sign-based,primary,Saudi Arabia,SAU,2007,2008,Boundary,Boundary,False
Primary sign-based,primary,Saudi Arabia,SAU,2008,2009,Boundary,Boundary,False
Primary sign-based,primary,Saudi Arabia,SAU,2009,2010,Boundary,Boundary,False
Primary sign-based,primary,Saudi Arabia,SAU,2010,2011,Boundary,Additive expansion,False
Primary sign-based,primary,Saudi Arabia,SAU,2011,2012,Additive expansion,Additive expansion,True
Primary sign-based,primary,Saudi Arabia,SAU,2012,2013,Additive expansion,Additive expansion,True
Primary sign-based,primary,Saudi Arabia,SAU,2013,2014,Additive expansion,Additive expansion,True
Primary sign-based,primary,Saudi Arabia,SAU,2014,2015,Additive expansion,Boundary,False
Primary sign-based,primary,Saudi Arabia,SAU,2015,2016,Boundary,Boundary,False
Primary sign-based,primary,Saudi Arabia,SAU,2016,2017,Boundary,Additive expansion,False
Primary sign-based,primary,Saudi Arabia,SAU,2017,2018,Additive expansion,Fossil displacement,True
Primary sign-based,primary,Saudi Arabia,SAU,2018,2019,Fossil displacement,Additive expansion,True
Primary sign-based,primary,Saudi Arabia,SAU,2019,2020,Additive expansion,Additive expansion,True
Primary sign-based,primary,Saudi Arabia,SAU,2020,2021,Additive expansion,Additive expansion,True
Primary sign-based,primary,Saudi Arabia,SAU,2021,2022,Additive expansion,Additive expansion,True
Primary sign-based,primary,Saudi Arabia,SAU,2022,2023,Additive expansion,Additive expansion,True
Primary sign-based,primary,Saudi Arabia,SAU,2023,2024,Additive expansion,Additive expansion,True
Primary sign-based,primary,Türkiye,TUR,2000,2001,Fossil resurgence,Fossil resurgence,True
Primary sign-based,primary,Türkiye,TUR,2001,2002,Fossil resurgence,Fossil displacement,True
Primary sign-based,primary,Türkiye,TUR,2002,2003,Fossil displacement,Additive expansion,True
Primary sign-based,primary,Türkiye,TUR,2003,2004,Additive expansion,Fossil displacement,True
Primary sign-based,primary,Türkiye,TUR,2004,2005,Fossil displacement,Fossil resurgence,True
Primary sign-based,primary,Türkiye,TUR,2005,2006,Fossil resurgence,Additive expansion,True
Primary sign-based,primary,Türkiye,TUR,2006,2007,Additive expansion,Fossil resurgence,True
Primary sign-based,primary,Türkiye,TUR,2007,2008,Fossil resurgence,Fossil resurgence,True
Primary sign-based,primary,Türkiye,TUR,2008,2009,Fossil resurgence,Fossil displacement,True
Primary sign-based,primary,Türkiye,TUR,2009,2010,Fossil displacement,Fossil displacement,True
Primary sign-based,primary,Türkiye,TUR,2010,2011,Fossil displacement,Additive expansion,True
Primary sign-based,primary,Türkiye,TUR,2011,2012,Additive expansion,Additive expansion,True
Primary sign-based,primary,Türkiye,TUR,2012,2013,Additive expansion,Fossil displacement,True
Primary sign-based,primary,Türkiye,TUR,2013,2014,Fossil displacement,Fossil resurgence,True
Primary sign-based,primary,Türkiye,TUR,2014,2015,Fossil resurgence,Fossil displacement,True
Primary sign-based,primary,Türkiye,TUR,2015,2016,Fossil displacement,Additive expansion,True
Primary sign-based,primary,Türkiye,TUR,2016,2017,Additive expansion,Fossil resurgence,True
Primary sign-based,primary,Türkiye,TUR,2017,2018,Fossil resurgence,Fossil displacement,True
Primary sign-based,primary,Türkiye,TUR,2018,2019,Fossil displacement,Fossil displacement,True
Primary sign-based,primary,Türkiye,TUR,2019,2020,Fossil displacement,Fossil resurgence,True
Primary sign-based,primary,Türkiye,TUR,2020,2021,Fossil resurgence,Fossil resurgence,True
Primary sign-based,primary,Türkiye,TUR,2021,2022,Fossil resurgence,Fossil displacement,True
Primary sign-based,primary,Türkiye,TUR,2022,2023,Fossil displacement,Joint contraction,True
Primary sign-based,primary,Türkiye,TUR,2023,2024,Joint contraction,Additive expansion,True
Primary sign-based,primary,United States,USA,2000,2001,Joint contraction,Joint contraction,True
Primary sign-based,primary,United States,USA,2001,2002,Joint contraction,Additive expansion,True
Primary sign-based,primary,United States,USA,2002,2003,Additive expansion,Additive expansion,True
Primary sign-based,primary,United States,USA,2003,2004,Additive expansion,Fossil resurgence,True
Primary sign-based,primary,United States,USA,2004,2005,Fossil resurgence,Additive expansion,True
Primary sign-based,primary,United States,USA,2005,2006,Additive expansion,Fossil displacement,True
Primary sign-based,primary,United States,USA,2006,2007,Fossil displacement,Fossil resurgence,True
Primary sign-based,primary,United States,USA,2007,2008,Fossil resurgence,Fossil displacement,True
Primary sign-based,primary,United States,USA,2008,2009,Fossil displacement,Fossil displacement,True
Primary sign-based,primary,United States,USA,2009,2010,Fossil displacement,Additive expansion,True
Primary sign-based,primary,United States,USA,2010,2011,Additive expansion,Fossil displacement,True
Primary sign-based,primary,United States,USA,2011,2012,Fossil displacement,Joint contraction,True
Primary sign-based,primary,United States,USA,2012,2013,Joint contraction,Fossil displacement,True
Primary sign-based,primary,United States,USA,2013,2014,Fossil displacement,Additive expansion,True
Primary sign-based,primary,United States,USA,2014,2015,Additive expansion,Fossil displacement,True
Primary sign-based,primary,United States,USA,2015,2016,Fossil displacement,Fossil displacement,True
Primary sign-based,primary,United States,USA,2016,2017,Fossil displacement,Fossil displacement,True
Primary sign-based,primary,United States,USA,2017,2018,Fossil displacement,Additive expansion,True
Primary sign-based,primary,United States,USA,2018,2019,Additive expansion,Fossil displacement,True
Primary sign-based,primary,United States,USA,2019,2020,Fossil displacement,Fossil displacement,True
Primary sign-based,primary,United States,USA,2020,2021,Fossil displacement,Additive expansion,True
Primary sign-based,primary,United States,USA,2021,2022,Additive expansion,Additive expansion,True
Primary sign-based,primary,United States,USA,2022,2023,Additive expansion,Fossil displacement,True
Primary sign-based,primary,United States,USA,2023,2024,Fossil displacement,Additive expansion,True
Primary sign-based,primary,South Africa,ZAF,2000,2001,Additive expansion,Additive expansion,True
Primary sign-based,primary,South Africa,ZAF,2001,2002,Additive expansion,Additive expansion,True
Primary sign-based,primary,South Africa,ZAF,2002,2003,Additive expansion,Fossil resurgence,True
Primary sign-based,primary,South Africa,ZAF,2003,2004,Fossil resurgence,Additive expansion,True
Primary sign-based,primary,South Africa,ZAF,2004,2005,Additive expansion,Additive expansion,True
Primary sign-based,primary,South Africa,ZAF,2005,2006,Additive expansion,Additive expansion,True
Primary sign-based,primary,South Africa,ZAF,2006,2007,Additive expansion,Fossil resurgence,True
Primary sign-based,primary,South Africa,ZAF,2007,2008,Fossil resurgence,Joint contraction,True
Primary sign-based,primary,South Africa,ZAF,2008,2009,Joint contraction,Fossil displacement,True
Primary sign-based,primary,South Africa,ZAF,2009,2010,Fossil displacement,Fossil resurgence,True
Primary sign-based,primary,South Africa,ZAF,2010,2011,Fossil resurgence,Additive expansion,True
Primary sign-based,primary,South Africa,ZAF,2011,2012,Additive expansion,Joint contraction,True
Primary sign-based,primary,South Africa,ZAF,2012,2013,Joint contraction,Fossil displacement,True
Primary sign-based,primary,South Africa,ZAF,2013,2014,Fossil displacement,Fossil displacement,True
Primary sign-based,primary,South Africa,ZAF,2014,2015,Fossil displacement,Fossil displacement,True
Primary sign-based,primary,South Africa,ZAF,2015,2016,Fossil displacement,Fossil displacement,True
Primary sign-based,primary,South Africa,ZAF,2016,2017,Fossil displacement,Fossil displacement,True
Primary sign-based,primary,South Africa,ZAF,2017,2018,Fossil displacement,Additive expansion,True
Primary sign-based,primary,South Africa,ZAF,2018,2019,Additive expansion,Fossil displacement,True
Primary sign-based,primary,South Africa,ZAF,2019,2020,Fossil displacement,Fossil displacement,True
Primary sign-based,primary,South Africa,ZAF,2020,2021,Fossil displacement,Fossil displacement,True
Primary sign-based,primary,South Africa,ZAF,2021,2022,Fossil displacement,Fossil displacement,True
Primary sign-based,primary,South Africa,ZAF,2022,2023,Fossil displacement,Fossil displacement,True
Primary sign-based,primary,South Africa,ZAF,2023,2024,Fossil displacement,Additive expansion,True
0.10% material-change threshold,threshold_010,Argentina,ARG,2000,2001,Additive expansion,Fossil displacement,True
0.10% material-change threshold,threshold_010,Argentina,ARG,2001,2002,Fossil displacement,Joint contraction,True
0.10% material-change threshold,threshold_010,Argentina,ARG,2002,2003,Joint contraction,Fossil resurgence,True
0.10% material-change threshold,threshold_010,Argentina,ARG,2003,2004,Fossil resurgence,Fossil resurgence,True
0.10% material-change threshold,threshold_010,Argentina,ARG,2004,2005,Fossil resurgence,Additive expansion,True
0.10% material-change threshold,threshold_010,Argentina,ARG,2005,2006,Additive expansion,Additive expansion,True
0.10% material-change threshold,threshold_010,Argentina,ARG,2006,2007,Additive expansion,Fossil resurgence,True
0.10% material-change threshold,threshold_010,Argentina,ARG,2007,2008,Fossil resurgence,Boundary,False
0.10% material-change threshold,threshold_010,Argentina,ARG,2008,2009,Boundary,Fossil displacement,False
0.10% material-change threshold,threshold_010,Argentina,ARG,2009,2010,Fossil displacement,Fossil resurgence,True
0.10% material-change threshold,threshold_010,Argentina,ARG,2010,2011,Fossil resurgence,Fossil resurgence,True
0.10% material-change threshold,threshold_010,Argentina,ARG,2011,2012,Fossil resurgence,Fossil resurgence,True
0.10% material-change threshold,threshold_010,Argentina,ARG,2012,2013,Fossil resurgence,Fossil displacement,True
0.10% material-change threshold,threshold_010,Argentina,ARG,2013,2014,Fossil displacement,Boundary,False
0.10% material-change threshold,threshold_010,Argentina,ARG,2014,2015,Boundary,Boundary,False
0.10% material-change threshold,threshold_010,Argentina,ARG,2015,2016,Boundary,Fossil resurgence,False
0.10% material-change threshold,threshold_010,Argentina,ARG,2016,2017,Fossil resurgence,Fossil displacement,True
0.10% material-change threshold,threshold_010,Argentina,ARG,2017,2018,Fossil displacement,Fossil displacement,True
0.10% material-change threshold,threshold_010,Argentina,ARG,2018,2019,Fossil displacement,Joint contraction,True
0.10% material-change threshold,threshold_010,Argentina,ARG,2019,2020,Joint contraction,Additive expansion,True
0.10% material-change threshold,threshold_010,Argentina,ARG,2020,2021,Additive expansion,Additive expansion,True
0.10% material-change threshold,threshold_010,Argentina,ARG,2021,2022,Additive expansion,Fossil displacement,True
0.10% material-change threshold,threshold_010,Argentina,ARG,2022,2023,Fossil displacement,Fossil displacement,True
0.10% material-change threshold,threshold_010,Argentina,ARG,2023,2024,Fossil displacement,Additive expansion,True
0.10% material-change threshold,threshold_010,Australia,AUS,2000,2001,Boundary,Fossil resurgence,False
0.10% material-change threshold,threshold_010,Australia,AUS,2001,2002,Fossil resurgence,Fossil displacement,True
0.10% material-change threshold,threshold_010,Australia,AUS,2002,2003,Fossil displacement,Additive expansion,True
0.10% material-change threshold,threshold_010,Australia,AUS,2003,2004,Additive expansion,Additive expansion,True
0.10% material-change threshold,threshold_010,Australia,AUS,2004,2005,Additive expansion,Boundary,False
0.10% material-change threshold,threshold_010,Australia,AUS,2005,2006,Boundary,Additive expansion,False
0.10% material-change threshold,threshold_010,Australia,AUS,2006,2007,Additive expansion,Fossil resurgence,True
0.10% material-change threshold,threshold_010,Australia,AUS,2007,2008,Fossil resurgence,Fossil resurgence,True
0.10% material-change threshold,threshold_010,Australia,AUS,2008,2009,Fossil resurgence,Additive expansion,True
0.10% material-change threshold,threshold_010,Australia,AUS,2009,2010,Additive expansion,Fossil displacement,True
0.10% material-change threshold,threshold_010,Australia,AUS,2010,2011,Fossil displacement,Fossil displacement,True
0.10% material-change threshold,threshold_010,Australia,AUS,2011,2012,Fossil displacement,Joint contraction,True
0.10% material-change threshold,threshold_010,Australia,AUS,2012,2013,Joint contraction,Fossil displacement,True
0.10% material-change threshold,threshold_010,Australia,AUS,2013,2014,Fossil displacement,Fossil resurgence,True
0.10% material-change threshold,threshold_010,Australia,AUS,2014,2015,Fossil resurgence,Additive expansion,True
0.10% material-change threshold,threshold_010,Australia,AUS,2015,2016,Additive expansion,Fossil displacement,True
0.10% material-change threshold,threshold_010,Australia,AUS,2016,2017,Fossil displacement,Fossil resurgence,True
0.10% material-change threshold,threshold_010,Australia,AUS,2017,2018,Fossil resurgence,Fossil displacement,True
0.10% material-change threshold,threshold_010,Australia,AUS,2018,2019,Fossil displacement,Fossil displacement,True
0.10% material-change threshold,threshold_010,Australia,AUS,2019,2020,Fossil displacement,Fossil displacement,True
0.10% material-change threshold,threshold_010,Australia,AUS,2020,2021,Fossil displacement,Fossil displacement,True
0.10% material-change threshold,threshold_010,Australia,AUS,2021,2022,Fossil displacement,Fossil displacement,True
0.10% material-change threshold,threshold_010,Australia,AUS,2022,2023,Fossil displacement,Fossil displacement,True
0.10% material-change threshold,threshold_010,Australia,AUS,2023,2024,Fossil displacement,Additive expansion,True
0.10% material-change threshold,threshold_010,Brazil,BRA,2000,2001,Additive expansion,Fossil resurgence,True
0.10% material-change threshold,threshold_010,Brazil,BRA,2001,2002,Fossil resurgence,Fossil displacement,True
0.10% material-change threshold,threshold_010,Brazil,BRA,2002,2003,Fossil displacement,Fossil displacement,True
0.10% material-change threshold,threshold_010,Brazil,BRA,2003,2004,Fossil displacement,Additive expansion,True
0.10% material-change threshold,threshold_010,Brazil,BRA,2004,2005,Additive expansion,Fossil displacement,True
0.10% material-change threshold,threshold_010,Brazil,BRA,2005,2006,Fossil displacement,Boundary,False
0.10% material-change threshold,threshold_010,Brazil,BRA,2006,2007,Boundary,Fossil displacement,False
0.10% material-change threshold,threshold_010,Brazil,BRA,2007,2008,Fossil displacement,Fossil resurgence,True
0.10% material-change threshold,threshold_010,Brazil,BRA,2008,2009,Fossil resurgence,Fossil displacement,True
0.10% material-change threshold,threshold_010,Brazil,BRA,2009,2010,Fossil displacement,Additive expansion,True
0.10% material-change threshold,threshold_010,Brazil,BRA,2010,2011,Additive expansion,Fossil displacement,True
0.10% material-change threshold,threshold_010,Brazil,BRA,2011,2012,Fossil displacement,Fossil resurgence,True
0.10% material-change threshold,threshold_010,Brazil,BRA,2012,2013,Fossil resurgence,Fossil resurgence,True
0.10% material-change threshold,threshold_010,Brazil,BRA,2013,2014,Fossil resurgence,Fossil resurgence,True
0.10% material-change threshold,threshold_010,Brazil,BRA,2014,2015,Fossil resurgence,Joint contraction,True
0.10% material-change threshold,threshold_010,Brazil,BRA,2015,2016,Joint contraction,Fossil displacement,True
0.10% material-change threshold,threshold_010,Brazil,BRA,2016,2017,Fossil displacement,Additive expansion,True
0.10% material-change threshold,threshold_010,Brazil,BRA,2017,2018,Additive expansion,Fossil displacement,True
0.10% material-change threshold,threshold_010,Brazil,BRA,2018,2019,Fossil displacement,Additive expansion,True
0.10% material-change threshold,threshold_010,Brazil,BRA,2019,2020,Additive expansion,Fossil displacement,True
0.10% material-change threshold,threshold_010,Brazil,BRA,2020,2021,Fossil displacement,Fossil resurgence,True
0.10% material-change threshold,threshold_010,Brazil,BRA,2021,2022,Fossil resurgence,Fossil displacement,True
0.10% material-change threshold,threshold_010,Brazil,BRA,2022,2023,Fossil displacement,Fossil displacement,True
0.10% material-change threshold,threshold_010,Brazil,BRA,2023,2024,Fossil displacement,Additive expansion,True
0.10% material-change threshold,threshold_010,Canada,CAN,2000,2001,Additive expansion,Fossil resurgence,True
0.10% material-change threshold,threshold_010,Canada,CAN,2001,2002,Fossil resurgence,Fossil displacement,True
0.10% material-change threshold,threshold_010,Canada,CAN,2002,2003,Fossil displacement,Fossil resurgence,True
0.10% material-change threshold,threshold_010,Canada,CAN,2003,2004,Fossil resurgence,Fossil displacement,True
0.10% material-change threshold,threshold_010,Canada,CAN,2004,2005,Fossil displacement,Fossil displacement,True
0.10% material-change threshold,threshold_010,Canada,CAN,2005,2006,Fossil displacement,Joint contraction,True
0.10% material-change threshold,threshold_010,Canada,CAN,2006,2007,Joint contraction,Additive expansion,True
0.10% material-change threshold,threshold_010,Canada,CAN,2007,2008,Additive expansion,Fossil displacement,True
0.10% material-change threshold,threshold_010,Canada,CAN,2008,2009,Fossil displacement,Joint contraction,True
0.10% material-change threshold,threshold_010,Canada,CAN,2009,2010,Joint contraction,Fossil resurgence,True
0.10% material-change threshold,threshold_010,Canada,CAN,2010,2011,Fossil resurgence,Additive expansion,True
0.10% material-change threshold,threshold_010,Canada,CAN,2011,2012,Additive expansion,Fossil displacement,True
0.10% material-change threshold,threshold_010,Canada,CAN,2012,2013,Fossil displacement,Fossil displacement,True
0.10% material-change threshold,threshold_010,Canada,CAN,2013,2014,Fossil displacement,Fossil resurgence,True
0.10% material-change threshold,threshold_010,Canada,CAN,2014,2015,Fossil resurgence,Fossil displacement,True
0.10% material-change threshold,threshold_010,Canada,CAN,2015,2016,Fossil displacement,Fossil displacement,True
0.10% material-change threshold,threshold_010,Canada,CAN,2016,2017,Fossil displacement,Fossil displacement,True
0.10% material-change threshold,threshold_010,Canada,CAN,2017,2018,Fossil displacement,Boundary,False
0.10% material-change threshold,threshold_010,Canada,CAN,2018,2019,Boundary,Joint contraction,False
0.10% material-change threshold,threshold_010,Canada,CAN,2019,2020,Joint contraction,Fossil displacement,True
0.10% material-change threshold,threshold_010,Canada,CAN,2020,2021,Fossil displacement,Fossil resurgence,True
0.10% material-change threshold,threshold_010,Canada,CAN,2021,2022,Fossil resurgence,Boundary,False
0.10% material-change threshold,threshold_010,Canada,CAN,2022,2023,Boundary,Fossil resurgence,False
0.10% material-change threshold,threshold_010,Canada,CAN,2023,2024,Fossil resurgence,Fossil resurgence,True
0.10% material-change threshold,threshold_010,China,CHN,2000,2001,Additive expansion,Additive expansion,True
0.10% material-change threshold,threshold_010,China,CHN,2001,2002,Additive expansion,Additive expansion,True
0.10% material-change threshold,threshold_010,China,CHN,2002,2003,Additive expansion,Fossil resurgence,True
0.10% material-change threshold,threshold_010,China,CHN,2003,2004,Fossil resurgence,Additive expansion,True
0.10% material-change threshold,threshold_010,China,CHN,2004,2005,Additive expansion,Additive expansion,True
0.10% material-change threshold,threshold_010,China,CHN,2005,2006,Additive expansion,Additive expansion,True
0.10% material-change threshold,threshold_010,China,CHN,2006,2007,Additive expansion,Additive expansion,True
0.10% material-change threshold,threshold_010,China,CHN,2007,2008,Additive expansion,Additive expansion,True
0.10% material-change threshold,threshold_010,China,CHN,2008,2009,Additive expansion,Boundary,False
0.10% material-change threshold,threshold_010,China,CHN,2009,2010,Boundary,Additive expansion,False
0.10% material-change threshold,threshold_010,China,CHN,2010,2011,Additive expansion,Additive expansion,True
0.10% material-change threshold,threshold_010,China,CHN,2011,2012,Additive expansion,Additive expansion,True
0.10% material-change threshold,threshold_010,China,CHN,2012,2013,Additive expansion,Additive expansion,True
0.10% material-change threshold,threshold_010,China,CHN,2013,2014,Additive expansion,Additive expansion,True
0.10% material-change threshold,threshold_010,China,CHN,2014,2015,Additive expansion,Fossil displacement,True
0.10% material-change threshold,threshold_010,China,CHN,2015,2016,Fossil displacement,Additive expansion,True
0.10% material-change threshold,threshold_010,China,CHN,2016,2017,Additive expansion,Additive expansion,True
0.10% material-change threshold,threshold_010,China,CHN,2017,2018,Additive expansion,Additive expansion,True
0.10% material-change threshold,threshold_010,China,CHN,2018,2019,Additive expansion,Additive expansion,True
0.10% material-change threshold,threshold_010,China,CHN,2019,2020,Additive expansion,Additive expansion,True
0.10% material-change threshold,threshold_010,China,CHN,2020,2021,Additive expansion,Additive expansion,True
0.10% material-change threshold,threshold_010,China,CHN,2021,2022,Additive expansion,Additive expansion,True
0.10% material-change threshold,threshold_010,China,CHN,2022,2023,Additive expansion,Additive expansion,True
0.10% material-change threshold,threshold_010,China,CHN,2023,2024,Additive expansion,Additive expansion,True
0.10% material-change threshold,threshold_010,Germany,DEU,2000,2001,Additive expansion,Additive expansion,True
0.10% material-change threshold,threshold_010,Germany,DEU,2001,2002,Additive expansion,Additive expansion,True
0.10% material-change threshold,threshold_010,Germany,DEU,2002,2003,Additive expansion,Additive expansion,True
0.10% material-change threshold,threshold_010,Germany,DEU,2003,2004,Additive expansion,Fossil displacement,True
0.10% material-change threshold,threshold_010,Germany,DEU,2004,2005,Fossil displacement,Additive expansion,True
0.10% material-change threshold,threshold_010,Germany,DEU,2005,2006,Additive expansion,Additive expansion,True
0.10% material-change threshold,threshold_010,Germany,DEU,2006,2007,Additive expansion,Additive expansion,True
0.10% material-change threshold,threshold_010,Germany,DEU,2007,2008,Additive expansion,Fossil displacement,True
0.10% material-change threshold,threshold_010,Germany,DEU,2008,2009,Fossil displacement,Fossil displacement,True
0.10% material-change threshold,threshold_010,Germany,DEU,2009,2010,Fossil displacement,Additive expansion,True
0.10% material-change threshold,threshold_010,Germany,DEU,2010,2011,Additive expansion,Fossil displacement,True
0.10% material-change threshold,threshold_010,Germany,DEU,2011,2012,Fossil displacement,Additive expansion,True
0.10% material-change threshold,threshold_010,Germany,DEU,2012,2013,Additive expansion,Additive expansion,True
0.10% material-change threshold,threshold_010,Germany,DEU,2013,2014,Additive expansion,Fossil displacement,True
0.10% material-change threshold,threshold_010,Germany,DEU,2014,2015,Fossil displacement,Boundary,False
0.10% material-change threshold,threshold_010,Germany,DEU,2015,2016,Boundary,Additive expansion,False
0.10% material-change threshold,threshold_010,Germany,DEU,2016,2017,Additive expansion,Fossil displacement,True
0.10% material-change threshold,threshold_010,Germany,DEU,2017,2018,Fossil displacement,Fossil displacement,True
0.10% material-change threshold,threshold_010,Germany,DEU,2018,2019,Fossil displacement,Fossil displacement,True
0.10% material-change threshold,threshold_010,Germany,DEU,2019,2020,Fossil displacement,Fossil displacement,True
0.10% material-change threshold,threshold_010,Germany,DEU,2020,2021,Fossil displacement,Fossil resurgence,True
0.10% material-change threshold,threshold_010,Germany,DEU,2021,2022,Fossil resurgence,Additive expansion,True
0.10% material-change threshold,threshold_010,Germany,DEU,2022,2023,Additive expansion,Fossil displacement,True
0.10% material-change threshold,threshold_010,Germany,DEU,2023,2024,Fossil displacement,Fossil displacement,True
0.10% material-change threshold,threshold_010,France,FRA,2000,2001,Joint contraction,Fossil displacement,True
0.10% material-change threshold,threshold_010,France,FRA,2001,2002,Fossil displacement,Fossil resurgence,True
0.10% material-change threshold,threshold_010,France,FRA,2002,2003,Fossil resurgence,Fossil resurgence,True
0.10% material-change threshold,threshold_010,France,FRA,2003,2004,Fossil resurgence,Fossil displacement,True
0.10% material-change threshold,threshold_010,France,FRA,2004,2005,Fossil displacement,Fossil resurgence,True
0.10% material-change threshold,threshold_010,France,FRA,2005,2006,Fossil resurgence,Fossil displacement,True
0.10% material-change threshold,threshold_010,France,FRA,2006,2007,Fossil displacement,Additive expansion,True
0.10% material-change threshold,threshold_010,France,FRA,2007,2008,Additive expansion,Fossil displacement,True
0.10% material-change threshold,threshold_010,France,FRA,2008,2009,Fossil displacement,Joint contraction,True
0.10% material-change threshold,threshold_010,France,FRA,2009,2010,Joint contraction,Additive expansion,True
0.10% material-change threshold,threshold_010,France,FRA,2010,2011,Additive expansion,Fossil resurgence,True
0.10% material-change threshold,threshold_010,France,FRA,2011,2012,Fossil resurgence,Fossil displacement,True
0.10% material-change threshold,threshold_010,France,FRA,2012,2013,Fossil displacement,Fossil displacement,True
0.10% material-change threshold,threshold_010,France,FRA,2013,2014,Fossil displacement,Joint contraction,True
0.10% material-change threshold,threshold_010,France,FRA,2014,2015,Joint contraction,Fossil resurgence,True
0.10% material-change threshold,threshold_010,France,FRA,2015,2016,Fossil resurgence,Additive expansion,True
0.10% material-change threshold,threshold_010,France,FRA,2016,2017,Additive expansion,Fossil resurgence,True
0.10% material-change threshold,threshold_010,France,FRA,2017,2018,Fossil resurgence,Fossil displacement,True
0.10% material-change threshold,threshold_010,France,FRA,2018,2019,Fossil displacement,Fossil resurgence,True
0.10% material-change threshold,threshold_010,France,FRA,2019,2020,Fossil resurgence,Fossil displacement,True
0.10% material-change threshold,threshold_010,France,FRA,2020,2021,Fossil displacement,Boundary,False
0.10% material-change threshold,threshold_010,France,FRA,2021,2022,Boundary,Fossil resurgence,False
0.10% material-change threshold,threshold_010,France,FRA,2022,2023,Fossil resurgence,Fossil displacement,True
0.10% material-change threshold,threshold_010,France,FRA,2023,2024,Fossil displacement,Fossil displacement,True
0.10% material-change threshold,threshold_010,United Kingdom,GBR,2000,2001,Boundary,Boundary,False
0.10% material-change threshold,threshold_010,United Kingdom,GBR,2001,2002,Boundary,Additive expansion,False
0.10% material-change threshold,threshold_010,United Kingdom,GBR,2002,2003,Additive expansion,Fossil resurgence,True
0.10% material-change threshold,threshold_010,United Kingdom,GBR,2003,2004,Fossil resurgence,Additive expansion,True
0.10% material-change threshold,threshold_010,United Kingdom,GBR,2004,2005,Additive expansion,Boundary,False
0.10% material-change threshold,threshold_010,United Kingdom,GBR,2005,2006,Boundary,Additive expansion,False
0.10% material-change threshold,threshold_010,United Kingdom,GBR,2006,2007,Additive expansion,Additive expansion,True
0.10% material-change threshold,threshold_010,United Kingdom,GBR,2007,2008,Additive expansion,Additive expansion,True
0.10% material-change threshold,threshold_010,United Kingdom,GBR,2008,2009,Additive expansion,Fossil displacement,True
0.10% material-change threshold,threshold_010,United Kingdom,GBR,2009,2010,Fossil displacement,Additive expansion,True
0.10% material-change threshold,threshold_010,United Kingdom,GBR,2010,2011,Additive expansion,Fossil displacement,True
0.10% material-change threshold,threshold_010,United Kingdom,GBR,2011,2012,Fossil displacement,Fossil displacement,True
0.10% material-change threshold,threshold_010,United Kingdom,GBR,2012,2013,Fossil displacement,Fossil displacement,True
0.10% material-change threshold,threshold_010,United Kingdom,GBR,2013,2014,Fossil displacement,Fossil displacement,True
0.10% material-change threshold,threshold_010,United Kingdom,GBR,2014,2015,Fossil displacement,Fossil displacement,True
0.10% material-change threshold,threshold_010,United Kingdom,GBR,2015,2016,Fossil displacement,Joint contraction,True
0.10% material-change threshold,threshold_010,United Kingdom,GBR,2016,2017,Joint contraction,Fossil displacement,True
0.10% material-change threshold,threshold_010,United Kingdom,GBR,2017,2018,Fossil displacement,Fossil displacement,True
0.10% material-change threshold,threshold_010,United Kingdom,GBR,2018,2019,Fossil displacement,Fossil displacement,True
0.10% material-change threshold,threshold_010,United Kingdom,GBR,2019,2020,Fossil displacement,Fossil displacement,True
0.10% material-change threshold,threshold_010,United Kingdom,GBR,2020,2021,Fossil displacement,Fossil resurgence,True
0.10% material-change threshold,threshold_010,United Kingdom,GBR,2021,2022,Fossil resurgence,Additive expansion,True
0.10% material-change threshold,threshold_010,United Kingdom,GBR,2022,2023,Additive expansion,Fossil displacement,True
0.10% material-change threshold,threshold_010,United Kingdom,GBR,2023,2024,Fossil displacement,Fossil displacement,True
0.10% material-change threshold,threshold_010,Indonesia,IDN,2000,2001,Additive expansion,Additive expansion,True
0.10% material-change threshold,threshold_010,Indonesia,IDN,2001,2002,Additive expansion,Fossil resurgence,True
0.10% material-change threshold,threshold_010,Indonesia,IDN,2002,2003,Fossil resurgence,Fossil resurgence,True
0.10% material-change threshold,threshold_010,Indonesia,IDN,2003,2004,Fossil resurgence,Additive expansion,True
0.10% material-change threshold,threshold_010,Indonesia,IDN,2004,2005,Additive expansion,Additive expansion,True
0.10% material-change threshold,threshold_010,Indonesia,IDN,2005,2006,Additive expansion,Fossil resurgence,True
0.10% material-change threshold,threshold_010,Indonesia,IDN,2006,2007,Fossil resurgence,Additive expansion,True
0.10% material-change threshold,threshold_010,Indonesia,IDN,2007,2008,Additive expansion,Additive expansion,True
0.10% material-change threshold,threshold_010,Indonesia,IDN,2008,2009,Additive expansion,Additive expansion,True
0.10% material-change threshold,threshold_010,Indonesia,IDN,2009,2010,Additive expansion,Additive expansion,True
0.10% material-change threshold,threshold_010,Indonesia,IDN,2010,2011,Additive expansion,Fossil resurgence,True
0.10% material-change threshold,threshold_010,Indonesia,IDN,2011,2012,Fossil resurgence,Additive expansion,True
0.10% material-change threshold,threshold_010,Indonesia,IDN,2012,2013,Additive expansion,Additive expansion,True
0.10% material-change threshold,threshold_010,Indonesia,IDN,2013,2014,Additive expansion,Fossil resurgence,True
0.10% material-change threshold,threshold_010,Indonesia,IDN,2014,2015,Fossil resurgence,Fossil resurgence,True
0.10% material-change threshold,threshold_010,Indonesia,IDN,2015,2016,Fossil resurgence,Additive expansion,True
0.10% material-change threshold,threshold_010,Indonesia,IDN,2016,2017,Additive expansion,Additive expansion,True
0.10% material-change threshold,threshold_010,Indonesia,IDN,2017,2018,Additive expansion,Additive expansion,True
0.10% material-change threshold,threshold_010,Indonesia,IDN,2018,2019,Additive expansion,Fossil resurgence,True
0.10% material-change threshold,threshold_010,Indonesia,IDN,2019,2020,Fossil resurgence,Fossil displacement,True
0.10% material-change threshold,threshold_010,Indonesia,IDN,2020,2021,Fossil displacement,Additive expansion,True
0.10% material-change threshold,threshold_010,Indonesia,IDN,2021,2022,Additive expansion,Additive expansion,True
0.10% material-change threshold,threshold_010,Indonesia,IDN,2022,2023,Additive expansion,Boundary,False
0.10% material-change threshold,threshold_010,Indonesia,IDN,2023,2024,Boundary,Additive expansion,False
0.10% material-change threshold,threshold_010,India,IND,2000,2001,Fossil resurgence,Fossil resurgence,True
0.10% material-change threshold,threshold_010,India,IND,2001,2002,Fossil resurgence,Fossil resurgence,True
0.10% material-change threshold,threshold_010,India,IND,2002,2003,Fossil resurgence,Additive expansion,True
0.10% material-change threshold,threshold_010,India,IND,2003,2004,Additive expansion,Additive expansion,True
0.10% material-change threshold,threshold_010,India,IND,2004,2005,Additive expansion,Fossil resurgence,True
0.10% material-change threshold,threshold_010,India,IND,2005,2006,Fossil resurgence,Additive expansion,True
0.10% material-change threshold,threshold_010,India,IND,2006,2007,Additive expansion,Additive expansion,True
0.10% material-change threshold,threshold_010,India,IND,2007,2008,Additive expansion,Fossil resurgence,True
0.10% material-change threshold,threshold_010,India,IND,2008,2009,Fossil resurgence,Fossil resurgence,True
0.10% material-change threshold,threshold_010,India,IND,2009,2010,Fossil resurgence,Additive expansion,True
0.10% material-change threshold,threshold_010,India,IND,2010,2011,Additive expansion,Additive expansion,True
0.10% material-change threshold,threshold_010,India,IND,2011,2012,Additive expansion,Fossil resurgence,True
0.10% material-change threshold,threshold_010,India,IND,2012,2013,Fossil resurgence,Additive expansion,True
0.10% material-change threshold,threshold_010,India,IND,2013,2014,Additive expansion,Additive expansion,True
0.10% material-change threshold,threshold_010,India,IND,2014,2015,Additive expansion,Fossil resurgence,True
0.10% material-change threshold,threshold_010,India,IND,2015,2016,Fossil resurgence,Additive expansion,True
0.10% material-change threshold,threshold_010,India,IND,2016,2017,Additive expansion,Additive expansion,True
0.10% material-change threshold,threshold_010,India,IND,2017,2018,Additive expansion,Additive expansion,True
0.10% material-change threshold,threshold_010,India,IND,2018,2019,Additive expansion,Fossil displacement,True
0.10% material-change threshold,threshold_010,India,IND,2019,2020,Fossil displacement,Fossil displacement,True
0.10% material-change threshold,threshold_010,India,IND,2020,2021,Fossil displacement,Additive expansion,True
0.10% material-change threshold,threshold_010,India,IND,2021,2022,Additive expansion,Additive expansion,True
0.10% material-change threshold,threshold_010,India,IND,2022,2023,Additive expansion,Additive expansion,True
0.10% material-change threshold,threshold_010,India,IND,2023,2024,Additive expansion,Additive expansion,True
0.10% material-change threshold,threshold_010,Italy,ITA,2000,2001,Fossil resurgence,Fossil displacement,True
0.10% material-change threshold,threshold_010,Italy,ITA,2001,2002,Fossil displacement,Fossil resurgence,True
0.10% material-change threshold,threshold_010,Italy,ITA,2002,2003,Fossil resurgence,Fossil resurgence,True
0.10% material-change threshold,threshold_010,Italy,ITA,2003,2004,Fossil resurgence,Additive expansion,True
0.10% material-change threshold,threshold_010,Italy,ITA,2004,2005,Additive expansion,Fossil resurgence,True
0.10% material-change threshold,threshold_010,Italy,ITA,2005,2006,Fossil resurgence,Additive expansion,True
0.10% material-change threshold,threshold_010,Italy,ITA,2006,2007,Additive expansion,Fossil resurgence,True
0.10% material-change threshold,threshold_010,Italy,ITA,2007,2008,Fossil resurgence,Fossil displacement,True
0.10% material-change threshold,threshold_010,Italy,ITA,2008,2009,Fossil displacement,Fossil displacement,True
0.10% material-change threshold,threshold_010,Italy,ITA,2009,2010,Fossil displacement,Additive expansion,True
0.10% material-change threshold,threshold_010,Italy,ITA,2010,2011,Additive expansion,Fossil displacement,True
0.10% material-change threshold,threshold_010,Italy,ITA,2011,2012,Fossil displacement,Fossil displacement,True
0.10% material-change threshold,threshold_010,Italy,ITA,2012,2013,Fossil displacement,Fossil displacement,True
0.10% material-change threshold,threshold_010,Italy,ITA,2013,2014,Fossil displacement,Fossil displacement,True
0.10% material-change threshold,threshold_010,Italy,ITA,2014,2015,Fossil displacement,Fossil resurgence,True
0.10% material-change threshold,threshold_010,Italy,ITA,2015,2016,Fossil resurgence,Fossil resurgence,True
0.10% material-change threshold,threshold_010,Italy,ITA,2016,2017,Fossil resurgence,Fossil resurgence,True
0.10% material-change threshold,threshold_010,Italy,ITA,2017,2018,Fossil resurgence,Fossil displacement,True
0.10% material-change threshold,threshold_010,Italy,ITA,2018,2019,Fossil displacement,Additive expansion,True
0.10% material-change threshold,threshold_010,Italy,ITA,2019,2020,Additive expansion,Fossil displacement,True
0.10% material-change threshold,threshold_010,Italy,ITA,2020,2021,Fossil displacement,Fossil resurgence,True
0.10% material-change threshold,threshold_010,Italy,ITA,2021,2022,Fossil resurgence,Fossil resurgence,True
0.10% material-change threshold,threshold_010,Italy,ITA,2022,2023,Fossil resurgence,Fossil displacement,True
0.10% material-change threshold,threshold_010,Italy,ITA,2023,2024,Fossil displacement,Fossil displacement,True
0.10% material-change threshold,threshold_010,Japan,JPN,2000,2001,Boundary,Joint contraction,False
0.10% material-change threshold,threshold_010,Japan,JPN,2001,2002,Joint contraction,Boundary,False
0.10% material-change threshold,threshold_010,Japan,JPN,2002,2003,Boundary,Additive expansion,False
0.10% material-change threshold,threshold_010,Japan,JPN,2003,2004,Additive expansion,Boundary,False
0.10% material-change threshold,threshold_010,Japan,JPN,2004,2005,Boundary,Fossil resurgence,False
0.10% material-change threshold,threshold_010,Japan,JPN,2005,2006,Fossil resurgence,Fossil displacement,True
0.10% material-change threshold,threshold_010,Japan,JPN,2006,2007,Fossil displacement,Fossil resurgence,True
0.10% material-change threshold,threshold_010,Japan,JPN,2007,2008,Fossil resurgence,Boundary,False
0.10% material-change threshold,threshold_010,Japan,JPN,2008,2009,Boundary,Joint contraction,False
0.10% material-change threshold,threshold_010,Japan,JPN,2009,2010,Joint contraction,Additive expansion,True
0.10% material-change threshold,threshold_010,Japan,JPN,2010,2011,Additive expansion,Fossil resurgence,True
0.10% material-change threshold,threshold_010,Japan,JPN,2011,2012,Fossil resurgence,Fossil resurgence,True
0.10% material-change threshold,threshold_010,Japan,JPN,2012,2013,Fossil resurgence,Fossil displacement,True
0.10% material-change threshold,threshold_010,Japan,JPN,2013,2014,Fossil displacement,Fossil displacement,True
0.10% material-change threshold,threshold_010,Japan,JPN,2014,2015,Fossil displacement,Fossil displacement,True
0.10% material-change threshold,threshold_010,Japan,JPN,2015,2016,Fossil displacement,Fossil resurgence,True
0.10% material-change threshold,threshold_010,Japan,JPN,2016,2017,Fossil resurgence,Fossil displacement,True
0.10% material-change threshold,threshold_010,Japan,JPN,2017,2018,Fossil displacement,Fossil displacement,True
0.10% material-change threshold,threshold_010,Japan,JPN,2018,2019,Fossil displacement,Boundary,False
0.10% material-change threshold,threshold_010,Japan,JPN,2019,2020,Boundary,Fossil displacement,False
0.10% material-change threshold,threshold_010,Japan,JPN,2020,2021,Fossil displacement,Fossil displacement,True
0.10% material-change threshold,threshold_010,Japan,JPN,2021,2022,Fossil displacement,Additive expansion,True
0.10% material-change threshold,threshold_010,Japan,JPN,2022,2023,Additive expansion,Fossil displacement,True
0.10% material-change threshold,threshold_010,Japan,JPN,2023,2024,Fossil displacement,Fossil displacement,True
0.10% material-change threshold,threshold_010,South Korea,KOR,2000,2001,Boundary,Fossil resurgence,False
0.10% material-change threshold,threshold_010,South Korea,KOR,2001,2002,Fossil resurgence,Additive expansion,True
0.10% material-change threshold,threshold_010,South Korea,KOR,2002,2003,Additive expansion,Additive expansion,True
0.10% material-change threshold,threshold_010,South Korea,KOR,2003,2004,Additive expansion,Fossil resurgence,True
0.10% material-change threshold,threshold_010,South Korea,KOR,2004,2005,Fossil resurgence,Fossil resurgence,True
0.10% material-change threshold,threshold_010,South Korea,KOR,2005,2006,Fossil resurgence,Boundary,False
0.10% material-change threshold,threshold_010,South Korea,KOR,2006,2007,Boundary,Additive expansion,False
0.10% material-change threshold,threshold_010,South Korea,KOR,2007,2008,Additive expansion,Boundary,False
0.10% material-change threshold,threshold_010,South Korea,KOR,2008,2009,Boundary,Boundary,False
0.10% material-change threshold,threshold_010,South Korea,KOR,2009,2010,Boundary,Additive expansion,False
0.10% material-change threshold,threshold_010,South Korea,KOR,2010,2011,Additive expansion,Additive expansion,True
0.10% material-change threshold,threshold_010,South Korea,KOR,2011,2012,Additive expansion,Additive expansion,True
0.10% material-change threshold,threshold_010,South Korea,KOR,2012,2013,Additive expansion,Additive expansion,True
0.10% material-change threshold,threshold_010,South Korea,KOR,2013,2014,Additive expansion,Fossil displacement,True
0.10% material-change threshold,threshold_010,South Korea,KOR,2014,2015,Fossil displacement,Fossil displacement,True
0.10% material-change threshold,threshold_010,South Korea,KOR,2015,2016,Fossil displacement,Additive expansion,True
0.10% material-change threshold,threshold_010,South Korea,KOR,2016,2017,Additive expansion,Additive expansion,True
0.10% material-change threshold,threshold_010,South Korea,KOR,2017,2018,Additive expansion,Additive expansion,True
0.10% material-change threshold,threshold_010,South Korea,KOR,2018,2019,Additive expansion,Fossil displacement,True
0.10% material-change threshold,threshold_010,South Korea,KOR,2019,2020,Fossil displacement,Fossil displacement,True
0.10% material-change threshold,threshold_010,South Korea,KOR,2020,2021,Fossil displacement,Additive expansion,True
0.10% material-change threshold,threshold_010,South Korea,KOR,2021,2022,Additive expansion,Fossil displacement,True
0.10% material-change threshold,threshold_010,South Korea,KOR,2022,2023,Fossil displacement,Fossil displacement,True
0.10% material-change threshold,threshold_010,South Korea,KOR,2023,2024,Fossil displacement,Fossil displacement,True
0.10% material-change threshold,threshold_010,Mexico,MEX,2000,2001,Additive expansion,Fossil resurgence,True
0.10% material-change threshold,threshold_010,Mexico,MEX,2001,2002,Fossil resurgence,Fossil resurgence,True
0.10% material-change threshold,threshold_010,Mexico,MEX,2002,2003,Fossil resurgence,Fossil resurgence,True
0.10% material-change threshold,threshold_010,Mexico,MEX,2003,2004,Fossil resurgence,Additive expansion,True
0.10% material-change threshold,threshold_010,Mexico,MEX,2004,2005,Additive expansion,Additive expansion,True
0.10% material-change threshold,threshold_010,Mexico,MEX,2005,2006,Additive expansion,Additive expansion,True
0.10% material-change threshold,threshold_010,Mexico,MEX,2006,2007,Additive expansion,Fossil resurgence,True
0.10% material-change threshold,threshold_010,Mexico,MEX,2007,2008,Fossil resurgence,Fossil displacement,True
0.10% material-change threshold,threshold_010,Mexico,MEX,2008,2009,Fossil displacement,Fossil resurgence,True
0.10% material-change threshold,threshold_010,Mexico,MEX,2009,2010,Fossil resurgence,Additive expansion,True
0.10% material-change threshold,threshold_010,Mexico,MEX,2010,2011,Additive expansion,Fossil resurgence,True
0.10% material-change threshold,threshold_010,Mexico,MEX,2011,2012,Fossil resurgence,Fossil resurgence,True
0.10% material-change threshold,threshold_010,Mexico,MEX,2012,2013,Fossil resurgence,Fossil resurgence,True
0.10% material-change threshold,threshold_010,Mexico,MEX,2013,2014,Fossil resurgence,Fossil displacement,True
0.10% material-change threshold,threshold_010,Mexico,MEX,2014,2015,Fossil displacement,Fossil resurgence,True
0.10% material-change threshold,threshold_010,Mexico,MEX,2015,2016,Fossil resurgence,Additive expansion,True
0.10% material-change threshold,threshold_010,Mexico,MEX,2016,2017,Additive expansion,Additive expansion,True
0.10% material-change threshold,threshold_010,Mexico,MEX,2017,2018,Additive expansion,Additive expansion,True
0.10% material-change threshold,threshold_010,Mexico,MEX,2018,2019,Additive expansion,Fossil displacement,True
0.10% material-change threshold,threshold_010,Mexico,MEX,2019,2020,Fossil displacement,Fossil displacement,True
0.10% material-change threshold,threshold_010,Mexico,MEX,2020,2021,Fossil displacement,Fossil displacement,True
0.10% material-change threshold,threshold_010,Mexico,MEX,2021,2022,Fossil displacement,Additive expansion,True
0.10% material-change threshold,threshold_010,Mexico,MEX,2022,2023,Additive expansion,Fossil resurgence,True
0.10% material-change threshold,threshold_010,Mexico,MEX,2023,2024,Fossil resurgence,Boundary,False
0.10% material-change threshold,threshold_010,Russia,RUS,2000,2001,Additive expansion,Fossil displacement,True
0.10% material-change threshold,threshold_010,Russia,RUS,2001,2002,Fossil displacement,Fossil resurgence,True
0.10% material-change threshold,threshold_010,Russia,RUS,2002,2003,Fossil resurgence,Fossil resurgence,True
0.10% material-change threshold,threshold_010,Russia,RUS,2003,2004,Fossil resurgence,Additive expansion,True
0.10% material-change threshold,threshold_010,Russia,RUS,2004,2005,Additive expansion,Fossil resurgence,True
0.10% material-change threshold,threshold_010,Russia,RUS,2005,2006,Fossil resurgence,Boundary,False
0.10% material-change threshold,threshold_010,Russia,RUS,2006,2007,Boundary,Additive expansion,False
0.10% material-change threshold,threshold_010,Russia,RUS,2007,2008,Additive expansion,Fossil resurgence,True
0.10% material-change threshold,threshold_010,Russia,RUS,2008,2009,Fossil resurgence,Fossil displacement,True
0.10% material-change threshold,threshold_010,Russia,RUS,2009,2010,Fossil displacement,Fossil resurgence,True
0.10% material-change threshold,threshold_010,Russia,RUS,2010,2011,Fossil resurgence,Fossil resurgence,True
0.10% material-change threshold,threshold_010,Russia,RUS,2011,2012,Fossil resurgence,Boundary,False
0.10% material-change threshold,threshold_010,Russia,RUS,2012,2013,Boundary,Fossil displacement,False
0.10% material-change threshold,threshold_010,Russia,RUS,2013,2014,Fossil displacement,Fossil resurgence,True
0.10% material-change threshold,threshold_010,Russia,RUS,2014,2015,Fossil resurgence,Joint contraction,True
0.10% material-change threshold,threshold_010,Russia,RUS,2015,2016,Joint contraction,Additive expansion,True
0.10% material-change threshold,threshold_010,Russia,RUS,2016,2017,Additive expansion,Boundary,False
0.10% material-change threshold,threshold_010,Russia,RUS,2017,2018,Boundary,Additive expansion,False
0.10% material-change threshold,threshold_010,Russia,RUS,2018,2019,Additive expansion,Boundary,False
0.10% material-change threshold,threshold_010,Russia,RUS,2019,2020,Boundary,Fossil displacement,False
0.10% material-change threshold,threshold_010,Russia,RUS,2020,2021,Fossil displacement,Additive expansion,True
0.10% material-change threshold,threshold_010,Russia,RUS,2021,2022,Additive expansion,Fossil resurgence,True
0.10% material-change threshold,threshold_010,Russia,RUS,2022,2023,Fossil resurgence,Additive expansion,True
0.10% material-change threshold,threshold_010,Russia,RUS,2023,2024,Additive expansion,Additive expansion,True
0.10% material-change threshold,threshold_010,Saudi Arabia,SAU,2000,2001,Boundary,Boundary,False
0.10% material-change threshold,threshold_010,Saudi Arabia,SAU,2001,2002,Boundary,Boundary,False
0.10% material-change threshold,threshold_010,Saudi Arabia,SAU,2002,2003,Boundary,Boundary,False
0.10% material-change threshold,threshold_010,Saudi Arabia,SAU,2003,2004,Boundary,Boundary,False
0.10% material-change threshold,threshold_010,Saudi Arabia,SAU,2004,2005,Boundary,Boundary,False
0.10% material-change threshold,threshold_010,Saudi Arabia,SAU,2005,2006,Boundary,Boundary,False
0.10% material-change threshold,threshold_010,Saudi Arabia,SAU,2006,2007,Boundary,Boundary,False
0.10% material-change threshold,threshold_010,Saudi Arabia,SAU,2007,2008,Boundary,Boundary,False
0.10% material-change threshold,threshold_010,Saudi Arabia,SAU,2008,2009,Boundary,Boundary,False
0.10% material-change threshold,threshold_010,Saudi Arabia,SAU,2009,2010,Boundary,Boundary,False
0.10% material-change threshold,threshold_010,Saudi Arabia,SAU,2010,2011,Boundary,Boundary,False
0.10% material-change threshold,threshold_010,Saudi Arabia,SAU,2011,2012,Boundary,Boundary,False
0.10% material-change threshold,threshold_010,Saudi Arabia,SAU,2012,2013,Boundary,Boundary,False
0.10% material-change threshold,threshold_010,Saudi Arabia,SAU,2013,2014,Boundary,Boundary,False
0.10% material-change threshold,threshold_010,Saudi Arabia,SAU,2014,2015,Boundary,Boundary,False
0.10% material-change threshold,threshold_010,Saudi Arabia,SAU,2015,2016,Boundary,Boundary,False
0.10% material-change threshold,threshold_010,Saudi Arabia,SAU,2016,2017,Boundary,Boundary,False
0.10% material-change threshold,threshold_010,Saudi Arabia,SAU,2017,2018,Boundary,Boundary,False
0.10% material-change threshold,threshold_010,Saudi Arabia,SAU,2018,2019,Boundary,Boundary,False
0.10% material-change threshold,threshold_010,Saudi Arabia,SAU,2019,2020,Boundary,Additive expansion,False
0.10% material-change threshold,threshold_010,Saudi Arabia,SAU,2020,2021,Additive expansion,Boundary,False
0.10% material-change threshold,threshold_010,Saudi Arabia,SAU,2021,2022,Boundary,Additive expansion,False
0.10% material-change threshold,threshold_010,Saudi Arabia,SAU,2022,2023,Additive expansion,Additive expansion,True
0.10% material-change threshold,threshold_010,Saudi Arabia,SAU,2023,2024,Additive expansion,Additive expansion,True
0.10% material-change threshold,threshold_010,Türkiye,TUR,2000,2001,Fossil resurgence,Fossil resurgence,True
0.10% material-change threshold,threshold_010,Türkiye,TUR,2001,2002,Fossil resurgence,Fossil displacement,True
0.10% material-change threshold,threshold_010,Türkiye,TUR,2002,2003,Fossil displacement,Additive expansion,True
0.10% material-change threshold,threshold_010,Türkiye,TUR,2003,2004,Additive expansion,Fossil displacement,True
0.10% material-change threshold,threshold_010,Türkiye,TUR,2004,2005,Fossil displacement,Fossil resurgence,True
0.10% material-change threshold,threshold_010,Türkiye,TUR,2005,2006,Fossil resurgence,Additive expansion,True
0.10% material-change threshold,threshold_010,Türkiye,TUR,2006,2007,Additive expansion,Fossil resurgence,True
0.10% material-change threshold,threshold_010,Türkiye,TUR,2007,2008,Fossil resurgence,Fossil resurgence,True
0.10% material-change threshold,threshold_010,Türkiye,TUR,2008,2009,Fossil resurgence,Fossil displacement,True
0.10% material-change threshold,threshold_010,Türkiye,TUR,2009,2010,Fossil displacement,Fossil displacement,True
0.10% material-change threshold,threshold_010,Türkiye,TUR,2010,2011,Fossil displacement,Additive expansion,True
0.10% material-change threshold,threshold_010,Türkiye,TUR,2011,2012,Additive expansion,Additive expansion,True
0.10% material-change threshold,threshold_010,Türkiye,TUR,2012,2013,Additive expansion,Fossil displacement,True
0.10% material-change threshold,threshold_010,Türkiye,TUR,2013,2014,Fossil displacement,Fossil resurgence,True
0.10% material-change threshold,threshold_010,Türkiye,TUR,2014,2015,Fossil resurgence,Fossil displacement,True
0.10% material-change threshold,threshold_010,Türkiye,TUR,2015,2016,Fossil displacement,Additive expansion,True
0.10% material-change threshold,threshold_010,Türkiye,TUR,2016,2017,Additive expansion,Fossil resurgence,True
0.10% material-change threshold,threshold_010,Türkiye,TUR,2017,2018,Fossil resurgence,Fossil displacement,True
0.10% material-change threshold,threshold_010,Türkiye,TUR,2018,2019,Fossil displacement,Fossil displacement,True
0.10% material-change threshold,threshold_010,Türkiye,TUR,2019,2020,Fossil displacement,Fossil resurgence,True
0.10% material-change threshold,threshold_010,Türkiye,TUR,2020,2021,Fossil resurgence,Fossil resurgence,True
0.10% material-change threshold,threshold_010,Türkiye,TUR,2021,2022,Fossil resurgence,Fossil displacement,True
0.10% material-change threshold,threshold_010,Türkiye,TUR,2022,2023,Fossil displacement,Boundary,False
0.10% material-change threshold,threshold_010,Türkiye,TUR,2023,2024,Boundary,Boundary,False
0.10% material-change threshold,threshold_010,United States,USA,2000,2001,Joint contraction,Joint contraction,True
0.10% material-change threshold,threshold_010,United States,USA,2001,2002,Joint contraction,Additive expansion,True
0.10% material-change threshold,threshold_010,United States,USA,2002,2003,Additive expansion,Additive expansion,True
0.10% material-change threshold,threshold_010,United States,USA,2003,2004,Additive expansion,Fossil resurgence,True
0.10% material-change threshold,threshold_010,United States,USA,2004,2005,Fossil resurgence,Additive expansion,True
0.10% material-change threshold,threshold_010,United States,USA,2005,2006,Additive expansion,Fossil displacement,True
0.10% material-change threshold,threshold_010,United States,USA,2006,2007,Fossil displacement,Fossil resurgence,True
0.10% material-change threshold,threshold_010,United States,USA,2007,2008,Fossil resurgence,Fossil displacement,True
0.10% material-change threshold,threshold_010,United States,USA,2008,2009,Fossil displacement,Fossil displacement,True
0.10% material-change threshold,threshold_010,United States,USA,2009,2010,Fossil displacement,Additive expansion,True
0.10% material-change threshold,threshold_010,United States,USA,2010,2011,Additive expansion,Fossil displacement,True
0.10% material-change threshold,threshold_010,United States,USA,2011,2012,Fossil displacement,Joint contraction,True
0.10% material-change threshold,threshold_010,United States,USA,2012,2013,Joint contraction,Fossil displacement,True
0.10% material-change threshold,threshold_010,United States,USA,2013,2014,Fossil displacement,Additive expansion,True
0.10% material-change threshold,threshold_010,United States,USA,2014,2015,Additive expansion,Fossil displacement,True
0.10% material-change threshold,threshold_010,United States,USA,2015,2016,Fossil displacement,Fossil displacement,True
0.10% material-change threshold,threshold_010,United States,USA,2016,2017,Fossil displacement,Fossil displacement,True
0.10% material-change threshold,threshold_010,United States,USA,2017,2018,Fossil displacement,Additive expansion,True
0.10% material-change threshold,threshold_010,United States,USA,2018,2019,Additive expansion,Fossil displacement,True
0.10% material-change threshold,threshold_010,United States,USA,2019,2020,Fossil displacement,Fossil displacement,True
0.10% material-change threshold,threshold_010,United States,USA,2020,2021,Fossil displacement,Additive expansion,True
0.10% material-change threshold,threshold_010,United States,USA,2021,2022,Additive expansion,Additive expansion,True
0.10% material-change threshold,threshold_010,United States,USA,2022,2023,Additive expansion,Fossil displacement,True
0.10% material-change threshold,threshold_010,United States,USA,2023,2024,Fossil displacement,Additive expansion,True
0.10% material-change threshold,threshold_010,South Africa,ZAF,2000,2001,Additive expansion,Additive expansion,True
0.10% material-change threshold,threshold_010,South Africa,ZAF,2001,2002,Additive expansion,Additive expansion,True
0.10% material-change threshold,threshold_010,South Africa,ZAF,2002,2003,Additive expansion,Fossil resurgence,True
0.10% material-change threshold,threshold_010,South Africa,ZAF,2003,2004,Fossil resurgence,Boundary,False
0.10% material-change threshold,threshold_010,South Africa,ZAF,2004,2005,Boundary,Additive expansion,False
0.10% material-change threshold,threshold_010,South Africa,ZAF,2005,2006,Additive expansion,Additive expansion,True
0.10% material-change threshold,threshold_010,South Africa,ZAF,2006,2007,Additive expansion,Boundary,False
0.10% material-change threshold,threshold_010,South Africa,ZAF,2007,2008,Boundary,Joint contraction,False
0.10% material-change threshold,threshold_010,South Africa,ZAF,2008,2009,Joint contraction,Boundary,False
0.10% material-change threshold,threshold_010,South Africa,ZAF,2009,2010,Boundary,Fossil resurgence,False
0.10% material-change threshold,threshold_010,South Africa,ZAF,2010,2011,Fossil resurgence,Additive expansion,True
0.10% material-change threshold,threshold_010,South Africa,ZAF,2011,2012,Additive expansion,Joint contraction,True
0.10% material-change threshold,threshold_010,South Africa,ZAF,2012,2013,Joint contraction,Boundary,False
0.10% material-change threshold,threshold_010,South Africa,ZAF,2013,2014,Boundary,Fossil displacement,False
0.10% material-change threshold,threshold_010,South Africa,ZAF,2014,2015,Fossil displacement,Fossil displacement,True
0.10% material-change threshold,threshold_010,South Africa,ZAF,2015,2016,Fossil displacement,Fossil displacement,True
0.10% material-change threshold,threshold_010,South Africa,ZAF,2016,2017,Fossil displacement,Fossil displacement,True
0.10% material-change threshold,threshold_010,South Africa,ZAF,2017,2018,Fossil displacement,Additive expansion,True
0.10% material-change threshold,threshold_010,South Africa,ZAF,2018,2019,Additive expansion,Fossil displacement,True
0.10% material-change threshold,threshold_010,South Africa,ZAF,2019,2020,Fossil displacement,Fossil displacement,True
0.10% material-change threshold,threshold_010,South Africa,ZAF,2020,2021,Fossil displacement,Fossil displacement,True
0.10% material-change threshold,threshold_010,South Africa,ZAF,2021,2022,Fossil displacement,Fossil displacement,True
0.10% material-change threshold,threshold_010,South Africa,ZAF,2022,2023,Fossil displacement,Fossil displacement,True
0.10% material-change threshold,threshold_010,South Africa,ZAF,2023,2024,Fossil displacement,Additive expansion,True
0.25% material-change threshold,threshold_025,Argentina,ARG,2000,2001,Additive expansion,Fossil displacement,True
0.25% material-change threshold,threshold_025,Argentina,ARG,2001,2002,Fossil displacement,Joint contraction,True
0.25% material-change threshold,threshold_025,Argentina,ARG,2002,2003,Joint contraction,Fossil resurgence,True
0.25% material-change threshold,threshold_025,Argentina,ARG,2003,2004,Fossil resurgence,Fossil resurgence,True
0.25% material-change threshold,threshold_025,Argentina,ARG,2004,2005,Fossil resurgence,Additive expansion,True
0.25% material-change threshold,threshold_025,Argentina,ARG,2005,2006,Additive expansion,Additive expansion,True
0.25% material-change threshold,threshold_025,Argentina,ARG,2006,2007,Additive expansion,Fossil resurgence,True
0.25% material-change threshold,threshold_025,Argentina,ARG,2007,2008,Fossil resurgence,Boundary,False
0.25% material-change threshold,threshold_025,Argentina,ARG,2008,2009,Boundary,Fossil displacement,False
0.25% material-change threshold,threshold_025,Argentina,ARG,2009,2010,Fossil displacement,Fossil resurgence,True
0.25% material-change threshold,threshold_025,Argentina,ARG,2010,2011,Fossil resurgence,Fossil resurgence,True
0.25% material-change threshold,threshold_025,Argentina,ARG,2011,2012,Fossil resurgence,Fossil resurgence,True
0.25% material-change threshold,threshold_025,Argentina,ARG,2012,2013,Fossil resurgence,Boundary,False
0.25% material-change threshold,threshold_025,Argentina,ARG,2013,2014,Boundary,Boundary,False
0.25% material-change threshold,threshold_025,Argentina,ARG,2014,2015,Boundary,Boundary,False
0.25% material-change threshold,threshold_025,Argentina,ARG,2015,2016,Boundary,Fossil resurgence,False
0.25% material-change threshold,threshold_025,Argentina,ARG,2016,2017,Fossil resurgence,Fossil displacement,True
0.25% material-change threshold,threshold_025,Argentina,ARG,2017,2018,Fossil displacement,Fossil displacement,True
0.25% material-change threshold,threshold_025,Argentina,ARG,2018,2019,Fossil displacement,Joint contraction,True
0.25% material-change threshold,threshold_025,Argentina,ARG,2019,2020,Joint contraction,Additive expansion,True
0.25% material-change threshold,threshold_025,Argentina,ARG,2020,2021,Additive expansion,Additive expansion,True
0.25% material-change threshold,threshold_025,Argentina,ARG,2021,2022,Additive expansion,Fossil displacement,True
0.25% material-change threshold,threshold_025,Argentina,ARG,2022,2023,Fossil displacement,Fossil displacement,True
0.25% material-change threshold,threshold_025,Argentina,ARG,2023,2024,Fossil displacement,Additive expansion,True
0.25% material-change threshold,threshold_025,Australia,AUS,2000,2001,Boundary,Boundary,False
0.25% material-change threshold,threshold_025,Australia,AUS,2001,2002,Boundary,Fossil displacement,False
0.25% material-change threshold,threshold_025,Australia,AUS,2002,2003,Fossil displacement,Additive expansion,True
0.25% material-change threshold,threshold_025,Australia,AUS,2003,2004,Additive expansion,Additive expansion,True
0.25% material-change threshold,threshold_025,Australia,AUS,2004,2005,Additive expansion,Boundary,False
0.25% material-change threshold,threshold_025,Australia,AUS,2005,2006,Boundary,Boundary,False
0.25% material-change threshold,threshold_025,Australia,AUS,2006,2007,Boundary,Fossil resurgence,False
0.25% material-change threshold,threshold_025,Australia,AUS,2007,2008,Fossil resurgence,Fossil resurgence,True
0.25% material-change threshold,threshold_025,Australia,AUS,2008,2009,Fossil resurgence,Additive expansion,True
0.25% material-change threshold,threshold_025,Australia,AUS,2009,2010,Additive expansion,Fossil displacement,True
0.25% material-change threshold,threshold_025,Australia,AUS,2010,2011,Fossil displacement,Fossil displacement,True
0.25% material-change threshold,threshold_025,Australia,AUS,2011,2012,Fossil displacement,Boundary,False
0.25% material-change threshold,threshold_025,Australia,AUS,2012,2013,Boundary,Fossil displacement,False
0.25% material-change threshold,threshold_025,Australia,AUS,2013,2014,Fossil displacement,Fossil resurgence,True
0.25% material-change threshold,threshold_025,Australia,AUS,2014,2015,Fossil resurgence,Additive expansion,True
0.25% material-change threshold,threshold_025,Australia,AUS,2015,2016,Additive expansion,Fossil displacement,True
0.25% material-change threshold,threshold_025,Australia,AUS,2016,2017,Fossil displacement,Fossil resurgence,True
0.25% material-change threshold,threshold_025,Australia,AUS,2017,2018,Fossil resurgence,Fossil displacement,True
0.25% material-change threshold,threshold_025,Australia,AUS,2018,2019,Fossil displacement,Fossil displacement,True
0.25% material-change threshold,threshold_025,Australia,AUS,2019,2020,Fossil displacement,Fossil displacement,True
0.25% material-change threshold,threshold_025,Australia,AUS,2020,2021,Fossil displacement,Fossil displacement,True
0.25% material-change threshold,threshold_025,Australia,AUS,2021,2022,Fossil displacement,Fossil displacement,True
0.25% material-change threshold,threshold_025,Australia,AUS,2022,2023,Fossil displacement,Fossil displacement,True
0.25% material-change threshold,threshold_025,Australia,AUS,2023,2024,Fossil displacement,Additive expansion,True
0.25% material-change threshold,threshold_025,Brazil,BRA,2000,2001,Additive expansion,Fossil resurgence,True
0.25% material-change threshold,threshold_025,Brazil,BRA,2001,2002,Fossil resurgence,Fossil displacement,True
0.25% material-change threshold,threshold_025,Brazil,BRA,2002,2003,Fossil displacement,Fossil displacement,True
0.25% material-change threshold,threshold_025,Brazil,BRA,2003,2004,Fossil displacement,Additive expansion,True
0.25% material-change threshold,threshold_025,Brazil,BRA,2004,2005,Additive expansion,Boundary,False
0.25% material-change threshold,threshold_025,Brazil,BRA,2005,2006,Boundary,Boundary,False
0.25% material-change threshold,threshold_025,Brazil,BRA,2006,2007,Boundary,Fossil displacement,False
0.25% material-change threshold,threshold_025,Brazil,BRA,2007,2008,Fossil displacement,Fossil resurgence,True
0.25% material-change threshold,threshold_025,Brazil,BRA,2008,2009,Fossil resurgence,Fossil displacement,True
0.25% material-change threshold,threshold_025,Brazil,BRA,2009,2010,Fossil displacement,Additive expansion,True
0.25% material-change threshold,threshold_025,Brazil,BRA,2010,2011,Additive expansion,Fossil displacement,True
0.25% material-change threshold,threshold_025,Brazil,BRA,2011,2012,Fossil displacement,Fossil resurgence,True
0.25% material-change threshold,threshold_025,Brazil,BRA,2012,2013,Fossil resurgence,Fossil resurgence,True
0.25% material-change threshold,threshold_025,Brazil,BRA,2013,2014,Fossil resurgence,Fossil resurgence,True
0.25% material-change threshold,threshold_025,Brazil,BRA,2014,2015,Fossil resurgence,Boundary,False
0.25% material-change threshold,threshold_025,Brazil,BRA,2015,2016,Boundary,Fossil displacement,False
0.25% material-change threshold,threshold_025,Brazil,BRA,2016,2017,Fossil displacement,Boundary,False
0.25% material-change threshold,threshold_025,Brazil,BRA,2017,2018,Boundary,Fossil displacement,False
0.25% material-change threshold,threshold_025,Brazil,BRA,2018,2019,Fossil displacement,Additive expansion,True
0.25% material-change threshold,threshold_025,Brazil,BRA,2019,2020,Additive expansion,Fossil displacement,True
0.25% material-change threshold,threshold_025,Brazil,BRA,2020,2021,Fossil displacement,Fossil resurgence,True
0.25% material-change threshold,threshold_025,Brazil,BRA,2021,2022,Fossil resurgence,Fossil displacement,True
0.25% material-change threshold,threshold_025,Brazil,BRA,2022,2023,Fossil displacement,Fossil displacement,True
0.25% material-change threshold,threshold_025,Brazil,BRA,2023,2024,Fossil displacement,Additive expansion,True
0.25% material-change threshold,threshold_025,Canada,CAN,2000,2001,Additive expansion,Fossil resurgence,True
0.25% material-change threshold,threshold_025,Canada,CAN,2001,2002,Fossil resurgence,Fossil displacement,True
0.25% material-change threshold,threshold_025,Canada,CAN,2002,2003,Fossil displacement,Fossil resurgence,True
0.25% material-change threshold,threshold_025,Canada,CAN,2003,2004,Fossil resurgence,Fossil displacement,True
0.25% material-change threshold,threshold_025,Canada,CAN,2004,2005,Fossil displacement,Fossil displacement,True
0.25% material-change threshold,threshold_025,Canada,CAN,2005,2006,Fossil displacement,Joint contraction,True
0.25% material-change threshold,threshold_025,Canada,CAN,2006,2007,Joint contraction,Additive expansion,True
0.25% material-change threshold,threshold_025,Canada,CAN,2007,2008,Additive expansion,Fossil displacement,True
0.25% material-change threshold,threshold_025,Canada,CAN,2008,2009,Fossil displacement,Joint contraction,True
0.25% material-change threshold,threshold_025,Canada,CAN,2009,2010,Joint contraction,Fossil resurgence,True
0.25% material-change threshold,threshold_025,Canada,CAN,2010,2011,Fossil resurgence,Additive expansion,True
0.25% material-change threshold,threshold_025,Canada,CAN,2011,2012,Additive expansion,Fossil displacement,True
0.25% material-change threshold,threshold_025,Canada,CAN,2012,2013,Fossil displacement,Boundary,False
0.25% material-change threshold,threshold_025,Canada,CAN,2013,2014,Boundary,Fossil resurgence,False
0.25% material-change threshold,threshold_025,Canada,CAN,2014,2015,Fossil resurgence,Boundary,False
0.25% material-change threshold,threshold_025,Canada,CAN,2015,2016,Boundary,Fossil displacement,False
0.25% material-change threshold,threshold_025,Canada,CAN,2016,2017,Fossil displacement,Fossil displacement,True
0.25% material-change threshold,threshold_025,Canada,CAN,2017,2018,Fossil displacement,Boundary,False
0.25% material-change threshold,threshold_025,Canada,CAN,2018,2019,Boundary,Boundary,False
0.25% material-change threshold,threshold_025,Canada,CAN,2019,2020,Boundary,Fossil displacement,False
0.25% material-change threshold,threshold_025,Canada,CAN,2020,2021,Fossil displacement,Boundary,False
0.25% material-change threshold,threshold_025,Canada,CAN,2021,2022,Boundary,Boundary,False
0.25% material-change threshold,threshold_025,Canada,CAN,2022,2023,Boundary,Fossil resurgence,False
0.25% material-change threshold,threshold_025,Canada,CAN,2023,2024,Fossil resurgence,Fossil resurgence,True
0.25% material-change threshold,threshold_025,China,CHN,2000,2001,Additive expansion,Additive expansion,True
0.25% material-change threshold,threshold_025,China,CHN,2001,2002,Additive expansion,Additive expansion,True
0.25% material-change threshold,threshold_025,China,CHN,2002,2003,Additive expansion,Boundary,False
0.25% material-change threshold,threshold_025,China,CHN,2003,2004,Boundary,Additive expansion,False
0.25% material-change threshold,threshold_025,China,CHN,2004,2005,Additive expansion,Additive expansion,True
0.25% material-change threshold,threshold_025,China,CHN,2005,2006,Additive expansion,Additive expansion,True
0.25% material-change threshold,threshold_025,China,CHN,2006,2007,Additive expansion,Additive expansion,True
0.25% material-change threshold,threshold_025,China,CHN,2007,2008,Additive expansion,Additive expansion,True
0.25% material-change threshold,threshold_025,China,CHN,2008,2009,Additive expansion,Boundary,False
0.25% material-change threshold,threshold_025,China,CHN,2009,2010,Boundary,Additive expansion,False
0.25% material-change threshold,threshold_025,China,CHN,2010,2011,Additive expansion,Boundary,False
0.25% material-change threshold,threshold_025,China,CHN,2011,2012,Boundary,Additive expansion,False
0.25% material-change threshold,threshold_025,China,CHN,2012,2013,Additive expansion,Additive expansion,True
0.25% material-change threshold,threshold_025,China,CHN,2013,2014,Additive expansion,Additive expansion,True
0.25% material-change threshold,threshold_025,China,CHN,2014,2015,Additive expansion,Fossil displacement,True
0.25% material-change threshold,threshold_025,China,CHN,2015,2016,Fossil displacement,Additive expansion,True
0.25% material-change threshold,threshold_025,China,CHN,2016,2017,Additive expansion,Additive expansion,True
0.25% material-change threshold,threshold_025,China,CHN,2017,2018,Additive expansion,Additive expansion,True
0.25% material-change threshold,threshold_025,China,CHN,2018,2019,Additive expansion,Additive expansion,True
0.25% material-change threshold,threshold_025,China,CHN,2019,2020,Additive expansion,Additive expansion,True
0.25% material-change threshold,threshold_025,China,CHN,2020,2021,Additive expansion,Additive expansion,True
0.25% material-change threshold,threshold_025,China,CHN,2021,2022,Additive expansion,Additive expansion,True
0.25% material-change threshold,threshold_025,China,CHN,2022,2023,Additive expansion,Additive expansion,True
0.25% material-change threshold,threshold_025,China,CHN,2023,2024,Additive expansion,Additive expansion,True
0.25% material-change threshold,threshold_025,Germany,DEU,2000,2001,Additive expansion,Additive expansion,True
0.25% material-change threshold,threshold_025,Germany,DEU,2001,2002,Additive expansion,Additive expansion,True
0.25% material-change threshold,threshold_025,Germany,DEU,2002,2003,Additive expansion,Additive expansion,True
0.25% material-change threshold,threshold_025,Germany,DEU,2003,2004,Additive expansion,Fossil displacement,True
0.25% material-change threshold,threshold_025,Germany,DEU,2004,2005,Fossil displacement,Additive expansion,True
0.25% material-change threshold,threshold_025,Germany,DEU,2005,2006,Additive expansion,Additive expansion,True
0.25% material-change threshold,threshold_025,Germany,DEU,2006,2007,Additive expansion,Additive expansion,True
0.25% material-change threshold,threshold_025,Germany,DEU,2007,2008,Additive expansion,Fossil displacement,True
0.25% material-change threshold,threshold_025,Germany,DEU,2008,2009,Fossil displacement,Fossil displacement,True
0.25% material-change threshold,threshold_025,Germany,DEU,2009,2010,Fossil displacement,Additive expansion,True
0.25% material-change threshold,threshold_025,Germany,DEU,2010,2011,Additive expansion,Fossil displacement,True
0.25% material-change threshold,threshold_025,Germany,DEU,2011,2012,Fossil displacement,Additive expansion,True
0.25% material-change threshold,threshold_025,Germany,DEU,2012,2013,Additive expansion,Additive expansion,True
0.25% material-change threshold,threshold_025,Germany,DEU,2013,2014,Additive expansion,Fossil displacement,True
0.25% material-change threshold,threshold_025,Germany,DEU,2014,2015,Fossil displacement,Boundary,False
0.25% material-change threshold,threshold_025,Germany,DEU,2015,2016,Boundary,Boundary,False
0.25% material-change threshold,threshold_025,Germany,DEU,2016,2017,Boundary,Fossil displacement,False
0.25% material-change threshold,threshold_025,Germany,DEU,2017,2018,Fossil displacement,Fossil displacement,True
0.25% material-change threshold,threshold_025,Germany,DEU,2018,2019,Fossil displacement,Fossil displacement,True
0.25% material-change threshold,threshold_025,Germany,DEU,2019,2020,Fossil displacement,Fossil displacement,True
0.25% material-change threshold,threshold_025,Germany,DEU,2020,2021,Fossil displacement,Fossil resurgence,True
0.25% material-change threshold,threshold_025,Germany,DEU,2021,2022,Fossil resurgence,Additive expansion,True
0.25% material-change threshold,threshold_025,Germany,DEU,2022,2023,Additive expansion,Fossil displacement,True
0.25% material-change threshold,threshold_025,Germany,DEU,2023,2024,Fossil displacement,Fossil displacement,True
0.25% material-change threshold,threshold_025,France,FRA,2000,2001,Joint contraction,Fossil displacement,True
0.25% material-change threshold,threshold_025,France,FRA,2001,2002,Fossil displacement,Fossil resurgence,True
0.25% material-change threshold,threshold_025,France,FRA,2002,2003,Fossil resurgence,Boundary,False
0.25% material-change threshold,threshold_025,France,FRA,2003,2004,Boundary,Boundary,False
0.25% material-change threshold,threshold_025,France,FRA,2004,2005,Boundary,Fossil resurgence,False
0.25% material-change threshold,threshold_025,France,FRA,2005,2006,Fossil resurgence,Fossil displacement,True
0.25% material-change threshold,threshold_025,France,FRA,2006,2007,Fossil displacement,Additive expansion,True
0.25% material-change threshold,threshold_025,France,FRA,2007,2008,Additive expansion,Fossil displacement,True
0.25% material-change threshold,threshold_025,France,FRA,2008,2009,Fossil displacement,Joint contraction,True
0.25% material-change threshold,threshold_025,France,FRA,2009,2010,Joint contraction,Additive expansion,True
0.25% material-change threshold,threshold_025,France,FRA,2010,2011,Additive expansion,Fossil resurgence,True
0.25% material-change threshold,threshold_025,France,FRA,2011,2012,Fossil resurgence,Fossil displacement,True
0.25% material-change threshold,threshold_025,France,FRA,2012,2013,Fossil displacement,Fossil displacement,True
0.25% material-change threshold,threshold_025,France,FRA,2013,2014,Fossil displacement,Joint contraction,True
0.25% material-change threshold,threshold_025,France,FRA,2014,2015,Joint contraction,Fossil resurgence,True
0.25% material-change threshold,threshold_025,France,FRA,2015,2016,Fossil resurgence,Additive expansion,True
0.25% material-change threshold,threshold_025,France,FRA,2016,2017,Additive expansion,Fossil resurgence,True
0.25% material-change threshold,threshold_025,France,FRA,2017,2018,Fossil resurgence,Fossil displacement,True
0.25% material-change threshold,threshold_025,France,FRA,2018,2019,Fossil displacement,Boundary,False
0.25% material-change threshold,threshold_025,France,FRA,2019,2020,Boundary,Fossil displacement,False
0.25% material-change threshold,threshold_025,France,FRA,2020,2021,Fossil displacement,Boundary,False
0.25% material-change threshold,threshold_025,France,FRA,2021,2022,Boundary,Fossil resurgence,False
0.25% material-change threshold,threshold_025,France,FRA,2022,2023,Fossil resurgence,Fossil displacement,True
0.25% material-change threshold,threshold_025,France,FRA,2023,2024,Fossil displacement,Fossil displacement,True
0.25% material-change threshold,threshold_025,United Kingdom,GBR,2000,2001,Boundary,Boundary,False
0.25% material-change threshold,threshold_025,United Kingdom,GBR,2001,2002,Boundary,Additive expansion,False
0.25% material-change threshold,threshold_025,United Kingdom,GBR,2002,2003,Additive expansion,Boundary,False
0.25% material-change threshold,threshold_025,United Kingdom,GBR,2003,2004,Boundary,Boundary,False
0.25% material-change threshold,threshold_025,United Kingdom,GBR,2004,2005,Boundary,Boundary,False
0.25% material-change threshold,threshold_025,United Kingdom,GBR,2005,2006,Boundary,Additive expansion,False
0.25% material-change threshold,threshold_025,United Kingdom,GBR,2006,2007,Additive expansion,Additive expansion,True
0.25% material-change threshold,threshold_025,United Kingdom,GBR,2007,2008,Additive expansion,Boundary,False
0.25% material-change threshold,threshold_025,United Kingdom,GBR,2008,2009,Boundary,Fossil displacement,False
0.25% material-change threshold,threshold_025,United Kingdom,GBR,2009,2010,Fossil displacement,Boundary,False
0.25% material-change threshold,threshold_025,United Kingdom,GBR,2010,2011,Boundary,Fossil displacement,False
0.25% material-change threshold,threshold_025,United Kingdom,GBR,2011,2012,Fossil displacement,Fossil displacement,True
0.25% material-change threshold,threshold_025,United Kingdom,GBR,2012,2013,Fossil displacement,Fossil displacement,True
0.25% material-change threshold,threshold_025,United Kingdom,GBR,2013,2014,Fossil displacement,Fossil displacement,True
0.25% material-change threshold,threshold_025,United Kingdom,GBR,2014,2015,Fossil displacement,Fossil displacement,True
0.25% material-change threshold,threshold_025,United Kingdom,GBR,2015,2016,Fossil displacement,Boundary,False
0.25% material-change threshold,threshold_025,United Kingdom,GBR,2016,2017,Boundary,Fossil displacement,False
0.25% material-change threshold,threshold_025,United Kingdom,GBR,2017,2018,Fossil displacement,Fossil displacement,True
0.25% material-change threshold,threshold_025,United Kingdom,GBR,2018,2019,Fossil displacement,Fossil displacement,True
0.25% material-change threshold,threshold_025,United Kingdom,GBR,2019,2020,Fossil displacement,Fossil displacement,True
0.25% material-change threshold,threshold_025,United Kingdom,GBR,2020,2021,Fossil displacement,Fossil resurgence,True
0.25% material-change threshold,threshold_025,United Kingdom,GBR,2021,2022,Fossil resurgence,Additive expansion,True
0.25% material-change threshold,threshold_025,United Kingdom,GBR,2022,2023,Additive expansion,Boundary,False
0.25% material-change threshold,threshold_025,United Kingdom,GBR,2023,2024,Boundary,Fossil displacement,False
0.25% material-change threshold,threshold_025,Indonesia,IDN,2000,2001,Additive expansion,Additive expansion,True
0.25% material-change threshold,threshold_025,Indonesia,IDN,2001,2002,Additive expansion,Fossil resurgence,True
0.25% material-change threshold,threshold_025,Indonesia,IDN,2002,2003,Fossil resurgence,Fossil resurgence,True
0.25% material-change threshold,threshold_025,Indonesia,IDN,2003,2004,Fossil resurgence,Additive expansion,True
0.25% material-change threshold,threshold_025,Indonesia,IDN,2004,2005,Additive expansion,Additive expansion,True
0.25% material-change threshold,threshold_025,Indonesia,IDN,2005,2006,Additive expansion,Fossil resurgence,True
0.25% material-change threshold,threshold_025,Indonesia,IDN,2006,2007,Fossil resurgence,Additive expansion,True
0.25% material-change threshold,threshold_025,Indonesia,IDN,2007,2008,Additive expansion,Additive expansion,True
0.25% material-change threshold,threshold_025,Indonesia,IDN,2008,2009,Additive expansion,Additive expansion,True
0.25% material-change threshold,threshold_025,Indonesia,IDN,2009,2010,Additive expansion,Additive expansion,True
0.25% material-change threshold,threshold_025,Indonesia,IDN,2010,2011,Additive expansion,Fossil resurgence,True
0.25% material-change threshold,threshold_025,Indonesia,IDN,2011,2012,Fossil resurgence,Additive expansion,True
0.25% material-change threshold,threshold_025,Indonesia,IDN,2012,2013,Additive expansion,Additive expansion,True
0.25% material-change threshold,threshold_025,Indonesia,IDN,2013,2014,Additive expansion,Fossil resurgence,True
0.25% material-change threshold,threshold_025,Indonesia,IDN,2014,2015,Fossil resurgence,Fossil resurgence,True
0.25% material-change threshold,threshold_025,Indonesia,IDN,2015,2016,Fossil resurgence,Additive expansion,True
0.25% material-change threshold,threshold_025,Indonesia,IDN,2016,2017,Additive expansion,Additive expansion,True
0.25% material-change threshold,threshold_025,Indonesia,IDN,2017,2018,Additive expansion,Additive expansion,True
0.25% material-change threshold,threshold_025,Indonesia,IDN,2018,2019,Additive expansion,Boundary,False
0.25% material-change threshold,threshold_025,Indonesia,IDN,2019,2020,Boundary,Fossil displacement,False
0.25% material-change threshold,threshold_025,Indonesia,IDN,2020,2021,Fossil displacement,Additive expansion,True
0.25% material-change threshold,threshold_025,Indonesia,IDN,2021,2022,Additive expansion,Additive expansion,True
0.25% material-change threshold,threshold_025,Indonesia,IDN,2022,2023,Additive expansion,Boundary,False
0.25% material-change threshold,threshold_025,Indonesia,IDN,2023,2024,Boundary,Additive expansion,False
0.25% material-change threshold,threshold_025,India,IND,2000,2001,Fossil resurgence,Fossil resurgence,True
0.25% material-change threshold,threshold_025,India,IND,2001,2002,Fossil resurgence,Fossil resurgence,True
0.25% material-change threshold,threshold_025,India,IND,2002,2003,Fossil resurgence,Additive expansion,True
0.25% material-change threshold,threshold_025,India,IND,2003,2004,Additive expansion,Additive expansion,True
0.25% material-change threshold,threshold_025,India,IND,2004,2005,Additive expansion,Boundary,False
0.25% material-change threshold,threshold_025,India,IND,2005,2006,Boundary,Additive expansion,False
0.25% material-change threshold,threshold_025,India,IND,2006,2007,Additive expansion,Additive expansion,True
0.25% material-change threshold,threshold_025,India,IND,2007,2008,Additive expansion,Fossil resurgence,True
0.25% material-change threshold,threshold_025,India,IND,2008,2009,Fossil resurgence,Fossil resurgence,True
0.25% material-change threshold,threshold_025,India,IND,2009,2010,Fossil resurgence,Additive expansion,True
0.25% material-change threshold,threshold_025,India,IND,2010,2011,Additive expansion,Additive expansion,True
0.25% material-change threshold,threshold_025,India,IND,2011,2012,Additive expansion,Fossil resurgence,True
0.25% material-change threshold,threshold_025,India,IND,2012,2013,Fossil resurgence,Additive expansion,True
0.25% material-change threshold,threshold_025,India,IND,2013,2014,Additive expansion,Additive expansion,True
0.25% material-change threshold,threshold_025,India,IND,2014,2015,Additive expansion,Fossil resurgence,True
0.25% material-change threshold,threshold_025,India,IND,2015,2016,Fossil resurgence,Additive expansion,True
0.25% material-change threshold,threshold_025,India,IND,2016,2017,Additive expansion,Additive expansion,True
0.25% material-change threshold,threshold_025,India,IND,2017,2018,Additive expansion,Additive expansion,True
0.25% material-change threshold,threshold_025,India,IND,2018,2019,Additive expansion,Boundary,False
0.25% material-change threshold,threshold_025,India,IND,2019,2020,Boundary,Fossil displacement,False
0.25% material-change threshold,threshold_025,India,IND,2020,2021,Fossil displacement,Additive expansion,True
0.25% material-change threshold,threshold_025,India,IND,2021,2022,Additive expansion,Additive expansion,True
0.25% material-change threshold,threshold_025,India,IND,2022,2023,Additive expansion,Additive expansion,True
0.25% material-change threshold,threshold_025,India,IND,2023,2024,Additive expansion,Additive expansion,True
0.25% material-change threshold,threshold_025,Italy,ITA,2000,2001,Boundary,Fossil displacement,False
0.25% material-change threshold,threshold_025,Italy,ITA,2001,2002,Fossil displacement,Fossil resurgence,True
0.25% material-change threshold,threshold_025,Italy,ITA,2002,2003,Fossil resurgence,Fossil resurgence,True
0.25% material-change threshold,threshold_025,Italy,ITA,2003,2004,Fossil resurgence,Boundary,False
0.25% material-change threshold,threshold_025,Italy,ITA,2004,2005,Boundary,Fossil resurgence,False
0.25% material-change threshold,threshold_025,Italy,ITA,2005,2006,Fossil resurgence,Additive expansion,True
0.25% material-change threshold,threshold_025,Italy,ITA,2006,2007,Additive expansion,Fossil resurgence,True
0.25% material-change threshold,threshold_025,Italy,ITA,2007,2008,Fossil resurgence,Fossil displacement,True
0.25% material-change threshold,threshold_025,Italy,ITA,2008,2009,Fossil displacement,Fossil displacement,True
0.25% material-change threshold,threshold_025,Italy,ITA,2009,2010,Fossil displacement,Additive expansion,True
0.25% material-change threshold,threshold_025,Italy,ITA,2010,2011,Additive expansion,Fossil displacement,True
0.25% material-change threshold,threshold_025,Italy,ITA,2011,2012,Fossil displacement,Fossil displacement,True
0.25% material-change threshold,threshold_025,Italy,ITA,2012,2013,Fossil displacement,Fossil displacement,True
0.25% material-change threshold,threshold_025,Italy,ITA,2013,2014,Fossil displacement,Fossil displacement,True
0.25% material-change threshold,threshold_025,Italy,ITA,2014,2015,Fossil displacement,Fossil resurgence,True
0.25% material-change threshold,threshold_025,Italy,ITA,2015,2016,Fossil resurgence,Fossil resurgence,True
0.25% material-change threshold,threshold_025,Italy,ITA,2016,2017,Fossil resurgence,Fossil resurgence,True
0.25% material-change threshold,threshold_025,Italy,ITA,2017,2018,Fossil resurgence,Fossil displacement,True
0.25% material-change threshold,threshold_025,Italy,ITA,2018,2019,Fossil displacement,Additive expansion,True
0.25% material-change threshold,threshold_025,Italy,ITA,2019,2020,Additive expansion,Fossil displacement,True
0.25% material-change threshold,threshold_025,Italy,ITA,2020,2021,Fossil displacement,Boundary,False
0.25% material-change threshold,threshold_025,Italy,ITA,2021,2022,Boundary,Fossil resurgence,False
0.25% material-change threshold,threshold_025,Italy,ITA,2022,2023,Fossil resurgence,Fossil displacement,True
0.25% material-change threshold,threshold_025,Italy,ITA,2023,2024,Fossil displacement,Fossil displacement,True
0.25% material-change threshold,threshold_025,Japan,JPN,2000,2001,Boundary,Boundary,False
0.25% material-change threshold,threshold_025,Japan,JPN,2001,2002,Boundary,Boundary,False
0.25% material-change threshold,threshold_025,Japan,JPN,2002,2003,Boundary,Additive expansion,False
0.25% material-change threshold,threshold_025,Japan,JPN,2003,2004,Additive expansion,Boundary,False
0.25% material-change threshold,threshold_025,Japan,JPN,2004,2005,Boundary,Fossil resurgence,False
0.25% material-change threshold,threshold_025,Japan,JPN,2005,2006,Fossil resurgence,Fossil displacement,True
0.25% material-change threshold,threshold_025,Japan,JPN,2006,2007,Fossil displacement,Fossil resurgence,True
0.25% material-change threshold,threshold_025,Japan,JPN,2007,2008,Fossil resurgence,Boundary,False
0.25% material-change threshold,threshold_025,Japan,JPN,2008,2009,Boundary,Joint contraction,False
0.25% material-change threshold,threshold_025,Japan,JPN,2009,2010,Joint contraction,Additive expansion,True
0.25% material-change threshold,threshold_025,Japan,JPN,2010,2011,Additive expansion,Fossil resurgence,True
0.25% material-change threshold,threshold_025,Japan,JPN,2011,2012,Fossil resurgence,Boundary,False
0.25% material-change threshold,threshold_025,Japan,JPN,2012,2013,Boundary,Fossil displacement,False
0.25% material-change threshold,threshold_025,Japan,JPN,2013,2014,Fossil displacement,Fossil displacement,True
0.25% material-change threshold,threshold_025,Japan,JPN,2014,2015,Fossil displacement,Fossil displacement,True
0.25% material-change threshold,threshold_025,Japan,JPN,2015,2016,Fossil displacement,Boundary,False
0.25% material-change threshold,threshold_025,Japan,JPN,2016,2017,Boundary,Fossil displacement,False
0.25% material-change threshold,threshold_025,Japan,JPN,2017,2018,Fossil displacement,Fossil displacement,True
0.25% material-change threshold,threshold_025,Japan,JPN,2018,2019,Fossil displacement,Boundary,False
0.25% material-change threshold,threshold_025,Japan,JPN,2019,2020,Boundary,Fossil displacement,False
0.25% material-change threshold,threshold_025,Japan,JPN,2020,2021,Fossil displacement,Fossil displacement,True
0.25% material-change threshold,threshold_025,Japan,JPN,2021,2022,Fossil displacement,Additive expansion,True
0.25% material-change threshold,threshold_025,Japan,JPN,2022,2023,Additive expansion,Fossil displacement,True
0.25% material-change threshold,threshold_025,Japan,JPN,2023,2024,Fossil displacement,Fossil displacement,True
0.25% material-change threshold,threshold_025,South Korea,KOR,2000,2001,Boundary,Fossil resurgence,False
0.25% material-change threshold,threshold_025,South Korea,KOR,2001,2002,Fossil resurgence,Additive expansion,True
0.25% material-change threshold,threshold_025,South Korea,KOR,2002,2003,Additive expansion,Additive expansion,True
0.25% material-change threshold,threshold_025,South Korea,KOR,2003,2004,Additive expansion,Boundary,False
0.25% material-change threshold,threshold_025,South Korea,KOR,2004,2005,Boundary,Boundary,False
0.25% material-change threshold,threshold_025,South Korea,KOR,2005,2006,Boundary,Boundary,False
0.25% material-change threshold,threshold_025,South Korea,KOR,2006,2007,Boundary,Boundary,False
0.25% material-change threshold,threshold_025,South Korea,KOR,2007,2008,Boundary,Boundary,False
0.25% material-change threshold,threshold_025,South Korea,KOR,2008,2009,Boundary,Boundary,False
0.25% material-change threshold,threshold_025,South Korea,KOR,2009,2010,Boundary,Boundary,False
0.25% material-change threshold,threshold_025,South Korea,KOR,2010,2011,Boundary,Additive expansion,False
0.25% material-change threshold,threshold_025,South Korea,KOR,2011,2012,Additive expansion,Boundary,False
0.25% material-change threshold,threshold_025,South Korea,KOR,2012,2013,Boundary,Additive expansion,False
0.25% material-change threshold,threshold_025,South Korea,KOR,2013,2014,Additive expansion,Fossil displacement,True
0.25% material-change threshold,threshold_025,South Korea,KOR,2014,2015,Fossil displacement,Fossil displacement,True
0.25% material-change threshold,threshold_025,South Korea,KOR,2015,2016,Fossil displacement,Additive expansion,True
0.25% material-change threshold,threshold_025,South Korea,KOR,2016,2017,Additive expansion,Additive expansion,True
0.25% material-change threshold,threshold_025,South Korea,KOR,2017,2018,Additive expansion,Additive expansion,True
0.25% material-change threshold,threshold_025,South Korea,KOR,2018,2019,Additive expansion,Fossil displacement,True
0.25% material-change threshold,threshold_025,South Korea,KOR,2019,2020,Fossil displacement,Fossil displacement,True
0.25% material-change threshold,threshold_025,South Korea,KOR,2020,2021,Fossil displacement,Additive expansion,True
0.25% material-change threshold,threshold_025,South Korea,KOR,2021,2022,Additive expansion,Fossil displacement,True
0.25% material-change threshold,threshold_025,South Korea,KOR,2022,2023,Fossil displacement,Fossil displacement,True
0.25% material-change threshold,threshold_025,South Korea,KOR,2023,2024,Fossil displacement,Fossil displacement,True
0.25% material-change threshold,threshold_025,Mexico,MEX,2000,2001,Additive expansion,Fossil resurgence,True
0.25% material-change threshold,threshold_025,Mexico,MEX,2001,2002,Fossil resurgence,Fossil resurgence,True
0.25% material-change threshold,threshold_025,Mexico,MEX,2002,2003,Fossil resurgence,Fossil resurgence,True
0.25% material-change threshold,threshold_025,Mexico,MEX,2003,2004,Fossil resurgence,Additive expansion,True
0.25% material-change threshold,threshold_025,Mexico,MEX,2004,2005,Additive expansion,Additive expansion,True
0.25% material-change threshold,threshold_025,Mexico,MEX,2005,2006,Additive expansion,Additive expansion,True
0.25% material-change threshold,threshold_025,Mexico,MEX,2006,2007,Additive expansion,Fossil resurgence,True
0.25% material-change threshold,threshold_025,Mexico,MEX,2007,2008,Fossil resurgence,Fossil displacement,True
0.25% material-change threshold,threshold_025,Mexico,MEX,2008,2009,Fossil displacement,Fossil resurgence,True
0.25% material-change threshold,threshold_025,Mexico,MEX,2009,2010,Fossil resurgence,Additive expansion,True
0.25% material-change threshold,threshold_025,Mexico,MEX,2010,2011,Additive expansion,Boundary,False
0.25% material-change threshold,threshold_025,Mexico,MEX,2011,2012,Boundary,Fossil resurgence,False
0.25% material-change threshold,threshold_025,Mexico,MEX,2012,2013,Fossil resurgence,Boundary,False
0.25% material-change threshold,threshold_025,Mexico,MEX,2013,2014,Boundary,Fossil displacement,False
0.25% material-change threshold,threshold_025,Mexico,MEX,2014,2015,Fossil displacement,Fossil resurgence,True
0.25% material-change threshold,threshold_025,Mexico,MEX,2015,2016,Fossil resurgence,Boundary,False
0.25% material-change threshold,threshold_025,Mexico,MEX,2016,2017,Boundary,Additive expansion,False
0.25% material-change threshold,threshold_025,Mexico,MEX,2017,2018,Additive expansion,Additive expansion,True
0.25% material-change threshold,threshold_025,Mexico,MEX,2018,2019,Additive expansion,Fossil displacement,True
0.25% material-change threshold,threshold_025,Mexico,MEX,2019,2020,Fossil displacement,Fossil displacement,True
0.25% material-change threshold,threshold_025,Mexico,MEX,2020,2021,Fossil displacement,Fossil displacement,True
0.25% material-change threshold,threshold_025,Mexico,MEX,2021,2022,Fossil displacement,Additive expansion,True
0.25% material-change threshold,threshold_025,Mexico,MEX,2022,2023,Additive expansion,Fossil resurgence,True
0.25% material-change threshold,threshold_025,Mexico,MEX,2023,2024,Fossil resurgence,Boundary,False
0.25% material-change threshold,threshold_025,Russia,RUS,2000,2001,Additive expansion,Fossil displacement,True
0.25% material-change threshold,threshold_025,Russia,RUS,2001,2002,Fossil displacement,Fossil resurgence,True
0.25% material-change threshold,threshold_025,Russia,RUS,2002,2003,Fossil resurgence,Fossil resurgence,True
0.25% material-change threshold,threshold_025,Russia,RUS,2003,2004,Fossil resurgence,Boundary,False
0.25% material-change threshold,threshold_025,Russia,RUS,2004,2005,Boundary,Fossil resurgence,False
0.25% material-change threshold,threshold_025,Russia,RUS,2005,2006,Fossil resurgence,Boundary,False
0.25% material-change threshold,threshold_025,Russia,RUS,2006,2007,Boundary,Additive expansion,False
0.25% material-change threshold,threshold_025,Russia,RUS,2007,2008,Additive expansion,Fossil resurgence,True
0.25% material-change threshold,threshold_025,Russia,RUS,2008,2009,Fossil resurgence,Fossil displacement,True
0.25% material-change threshold,threshold_025,Russia,RUS,2009,2010,Fossil displacement,Fossil resurgence,True
0.25% material-change threshold,threshold_025,Russia,RUS,2010,2011,Fossil resurgence,Fossil resurgence,True
0.25% material-change threshold,threshold_025,Russia,RUS,2011,2012,Fossil resurgence,Boundary,False
0.25% material-change threshold,threshold_025,Russia,RUS,2012,2013,Boundary,Fossil displacement,False
0.25% material-change threshold,threshold_025,Russia,RUS,2013,2014,Fossil displacement,Fossil resurgence,True
0.25% material-change threshold,threshold_025,Russia,RUS,2014,2015,Fossil resurgence,Joint contraction,True
0.25% material-change threshold,threshold_025,Russia,RUS,2015,2016,Joint contraction,Additive expansion,True
0.25% material-change threshold,threshold_025,Russia,RUS,2016,2017,Additive expansion,Boundary,False
0.25% material-change threshold,threshold_025,Russia,RUS,2017,2018,Boundary,Additive expansion,False
0.25% material-change threshold,threshold_025,Russia,RUS,2018,2019,Additive expansion,Boundary,False
0.25% material-change threshold,threshold_025,Russia,RUS,2019,2020,Boundary,Fossil displacement,False
0.25% material-change threshold,threshold_025,Russia,RUS,2020,2021,Fossil displacement,Additive expansion,True
0.25% material-change threshold,threshold_025,Russia,RUS,2021,2022,Additive expansion,Fossil resurgence,True
0.25% material-change threshold,threshold_025,Russia,RUS,2022,2023,Fossil resurgence,Additive expansion,True
0.25% material-change threshold,threshold_025,Russia,RUS,2023,2024,Additive expansion,Additive expansion,True
0.25% material-change threshold,threshold_025,Saudi Arabia,SAU,2000,2001,Boundary,Boundary,False
0.25% material-change threshold,threshold_025,Saudi Arabia,SAU,2001,2002,Boundary,Boundary,False
0.25% material-change threshold,threshold_025,Saudi Arabia,SAU,2002,2003,Boundary,Boundary,False
0.25% material-change threshold,threshold_025,Saudi Arabia,SAU,2003,2004,Boundary,Boundary,False
0.25% material-change threshold,threshold_025,Saudi Arabia,SAU,2004,2005,Boundary,Boundary,False
0.25% material-change threshold,threshold_025,Saudi Arabia,SAU,2005,2006,Boundary,Boundary,False
0.25% material-change threshold,threshold_025,Saudi Arabia,SAU,2006,2007,Boundary,Boundary,False
0.25% material-change threshold,threshold_025,Saudi Arabia,SAU,2007,2008,Boundary,Boundary,False
0.25% material-change threshold,threshold_025,Saudi Arabia,SAU,2008,2009,Boundary,Boundary,False
0.25% material-change threshold,threshold_025,Saudi Arabia,SAU,2009,2010,Boundary,Boundary,False
0.25% material-change threshold,threshold_025,Saudi Arabia,SAU,2010,2011,Boundary,Boundary,False
0.25% material-change threshold,threshold_025,Saudi Arabia,SAU,2011,2012,Boundary,Boundary,False
0.25% material-change threshold,threshold_025,Saudi Arabia,SAU,2012,2013,Boundary,Boundary,False
0.25% material-change threshold,threshold_025,Saudi Arabia,SAU,2013,2014,Boundary,Boundary,False
0.25% material-change threshold,threshold_025,Saudi Arabia,SAU,2014,2015,Boundary,Boundary,False
0.25% material-change threshold,threshold_025,Saudi Arabia,SAU,2015,2016,Boundary,Boundary,False
0.25% material-change threshold,threshold_025,Saudi Arabia,SAU,2016,2017,Boundary,Boundary,False
0.25% material-change threshold,threshold_025,Saudi Arabia,SAU,2017,2018,Boundary,Boundary,False
0.25% material-change threshold,threshold_025,Saudi Arabia,SAU,2018,2019,Boundary,Boundary,False
0.25% material-change threshold,threshold_025,Saudi Arabia,SAU,2019,2020,Boundary,Boundary,False
0.25% material-change threshold,threshold_025,Saudi Arabia,SAU,2020,2021,Boundary,Boundary,False
0.25% material-change threshold,threshold_025,Saudi Arabia,SAU,2021,2022,Boundary,Additive expansion,False
0.25% material-change threshold,threshold_025,Saudi Arabia,SAU,2022,2023,Additive expansion,Additive expansion,True
0.25% material-change threshold,threshold_025,Saudi Arabia,SAU,2023,2024,Additive expansion,Additive expansion,True
0.25% material-change threshold,threshold_025,Türkiye,TUR,2000,2001,Fossil resurgence,Fossil resurgence,True
0.25% material-change threshold,threshold_025,Türkiye,TUR,2001,2002,Fossil resurgence,Fossil displacement,True
0.25% material-change threshold,threshold_025,Türkiye,TUR,2002,2003,Fossil displacement,Additive expansion,True
0.25% material-change threshold,threshold_025,Türkiye,TUR,2003,2004,Additive expansion,Fossil displacement,True
0.25% material-change threshold,threshold_025,Türkiye,TUR,2004,2005,Fossil displacement,Fossil resurgence,True
0.25% material-change threshold,threshold_025,Türkiye,TUR,2005,2006,Fossil resurgence,Additive expansion,True
0.25% material-change threshold,threshold_025,Türkiye,TUR,2006,2007,Additive expansion,Fossil resurgence,True
0.25% material-change threshold,threshold_025,Türkiye,TUR,2007,2008,Fossil resurgence,Fossil resurgence,True
0.25% material-change threshold,threshold_025,Türkiye,TUR,2008,2009,Fossil resurgence,Fossil displacement,True
0.25% material-change threshold,threshold_025,Türkiye,TUR,2009,2010,Fossil displacement,Fossil displacement,True
0.25% material-change threshold,threshold_025,Türkiye,TUR,2010,2011,Fossil displacement,Additive expansion,True
0.25% material-change threshold,threshold_025,Türkiye,TUR,2011,2012,Additive expansion,Additive expansion,True
0.25% material-change threshold,threshold_025,Türkiye,TUR,2012,2013,Additive expansion,Fossil displacement,True
0.25% material-change threshold,threshold_025,Türkiye,TUR,2013,2014,Fossil displacement,Fossil resurgence,True
0.25% material-change threshold,threshold_025,Türkiye,TUR,2014,2015,Fossil resurgence,Fossil displacement,True
0.25% material-change threshold,threshold_025,Türkiye,TUR,2015,2016,Fossil displacement,Additive expansion,True
0.25% material-change threshold,threshold_025,Türkiye,TUR,2016,2017,Additive expansion,Fossil resurgence,True
0.25% material-change threshold,threshold_025,Türkiye,TUR,2017,2018,Fossil resurgence,Fossil displacement,True
0.25% material-change threshold,threshold_025,Türkiye,TUR,2018,2019,Fossil displacement,Fossil displacement,True
0.25% material-change threshold,threshold_025,Türkiye,TUR,2019,2020,Fossil displacement,Fossil resurgence,True
0.25% material-change threshold,threshold_025,Türkiye,TUR,2020,2021,Fossil resurgence,Fossil resurgence,True
0.25% material-change threshold,threshold_025,Türkiye,TUR,2021,2022,Fossil resurgence,Fossil displacement,True
0.25% material-change threshold,threshold_025,Türkiye,TUR,2022,2023,Fossil displacement,Boundary,False
0.25% material-change threshold,threshold_025,Türkiye,TUR,2023,2024,Boundary,Boundary,False
0.25% material-change threshold,threshold_025,United States,USA,2000,2001,Joint contraction,Joint contraction,True
0.25% material-change threshold,threshold_025,United States,USA,2001,2002,Joint contraction,Additive expansion,True
0.25% material-change threshold,threshold_025,United States,USA,2002,2003,Additive expansion,Additive expansion,True
0.25% material-change threshold,threshold_025,United States,USA,2003,2004,Additive expansion,Boundary,False
0.25% material-change threshold,threshold_025,United States,USA,2004,2005,Boundary,Boundary,False
0.25% material-change threshold,threshold_025,United States,USA,2005,2006,Boundary,Fossil displacement,False
0.25% material-change threshold,threshold_025,United States,USA,2006,2007,Fossil displacement,Fossil resurgence,True
0.25% material-change threshold,threshold_025,United States,USA,2007,2008,Fossil resurgence,Fossil displacement,True
0.25% material-change threshold,threshold_025,United States,USA,2008,2009,Fossil displacement,Fossil displacement,True
0.25% material-change threshold,threshold_025,United States,USA,2009,2010,Fossil displacement,Boundary,False
0.25% material-change threshold,threshold_025,United States,USA,2010,2011,Boundary,Fossil displacement,False
0.25% material-change threshold,threshold_025,United States,USA,2011,2012,Fossil displacement,Boundary,False
0.25% material-change threshold,threshold_025,United States,USA,2012,2013,Boundary,Fossil displacement,False
0.25% material-change threshold,threshold_025,United States,USA,2013,2014,Fossil displacement,Boundary,False
0.25% material-change threshold,threshold_025,United States,USA,2014,2015,Boundary,Boundary,False
0.25% material-change threshold,threshold_025,United States,USA,2015,2016,Boundary,Fossil displacement,False
0.25% material-change threshold,threshold_025,United States,USA,2016,2017,Fossil displacement,Fossil displacement,True
0.25% material-change threshold,threshold_025,United States,USA,2017,2018,Fossil displacement,Additive expansion,True
0.25% material-change threshold,threshold_025,United States,USA,2018,2019,Additive expansion,Fossil displacement,True
0.25% material-change threshold,threshold_025,United States,USA,2019,2020,Fossil displacement,Fossil displacement,True
0.25% material-change threshold,threshold_025,United States,USA,2020,2021,Fossil displacement,Additive expansion,True
0.25% material-change threshold,threshold_025,United States,USA,2021,2022,Additive expansion,Additive expansion,True
0.25% material-change threshold,threshold_025,United States,USA,2022,2023,Additive expansion,Boundary,False
0.25% material-change threshold,threshold_025,United States,USA,2023,2024,Boundary,Additive expansion,False
0.25% material-change threshold,threshold_025,South Africa,ZAF,2000,2001,Additive expansion,Additive expansion,True
0.25% material-change threshold,threshold_025,South Africa,ZAF,2001,2002,Additive expansion,Boundary,False
0.25% material-change threshold,threshold_025,South Africa,ZAF,2002,2003,Boundary,Fossil resurgence,False
0.25% material-change threshold,threshold_025,South Africa,ZAF,2003,2004,Fossil resurgence,Boundary,False
0.25% material-change threshold,threshold_025,South Africa,ZAF,2004,2005,Boundary,Boundary,False
0.25% material-change threshold,threshold_025,South Africa,ZAF,2005,2006,Boundary,Additive expansion,False
0.25% material-change threshold,threshold_025,South Africa,ZAF,2006,2007,Additive expansion,Boundary,False
0.25% material-change threshold,threshold_025,South Africa,ZAF,2007,2008,Boundary,Joint contraction,False
0.25% material-change threshold,threshold_025,South Africa,ZAF,2008,2009,Joint contraction,Boundary,False
0.25% material-change threshold,threshold_025,South Africa,ZAF,2009,2010,Boundary,Boundary,False
0.25% material-change threshold,threshold_025,South Africa,ZAF,2010,2011,Boundary,Additive expansion,False
0.25% material-change threshold,threshold_025,South Africa,ZAF,2011,2012,Additive expansion,Joint contraction,True
0.25% material-change threshold,threshold_025,South Africa,ZAF,2012,2013,Joint contraction,Boundary,False
0.25% material-change threshold,threshold_025,South Africa,ZAF,2013,2014,Boundary,Fossil displacement,False
0.25% material-change threshold,threshold_025,South Africa,ZAF,2014,2015,Fossil displacement,Fossil displacement,True
0.25% material-change threshold,threshold_025,South Africa,ZAF,2015,2016,Fossil displacement,Fossil displacement,True
0.25% material-change threshold,threshold_025,South Africa,ZAF,2016,2017,Fossil displacement,Fossil displacement,True
0.25% material-change threshold,threshold_025,South Africa,ZAF,2017,2018,Fossil displacement,Boundary,False
0.25% material-change threshold,threshold_025,South Africa,ZAF,2018,2019,Boundary,Fossil displacement,False
0.25% material-change threshold,threshold_025,South Africa,ZAF,2019,2020,Fossil displacement,Fossil displacement,True
0.25% material-change threshold,threshold_025,South Africa,ZAF,2020,2021,Fossil displacement,Fossil displacement,True
0.25% material-change threshold,threshold_025,South Africa,ZAF,2021,2022,Fossil displacement,Fossil displacement,True
0.25% material-change threshold,threshold_025,South Africa,ZAF,2022,2023,Fossil displacement,Fossil displacement,True
0.25% material-change threshold,threshold_025,South Africa,ZAF,2023,2024,Fossil displacement,Additive expansion,True
